id,student_id,subject_id,date,grade
1,1,91,2025-10-08,Незачет
2,1,92,2025-10-15,3
3,1,93,2026-02-14,Зачет
4,1,94,2025-06-12,3
5,1,95,2025-09-05,5
6,1,96,2025-10-19,Зачет
7,1,97,2025-09-05,Незачет
8,1,98,2026-01-20,Незачет
9,1,99,2025-08-13,Незачет
10,1,100,2025-09-29,Незачет
11,1,101,2025-07-05,3
12,1,102,2026-01-28,Зачет
13,1,103,2026-04-30,2
14,1,104,2025-11-07,5
15,1,105,2025-06-02,Незачет
16,1,106,2025-06-11,2
17,1,107,2026-03-26,Зачет
18,1,108,2025-06-09,2
19,1,109,2025-06-12,3
20,1,110,2025-10-21,Зачет
21,1,111,2025-06-13,Зачет
22,1,112,2026-02-20,4
23,1,113,2026-02-17,5
24,1,114,2025-09-28,2
25,1,115,2026-03-18,3
26,1,116,2025-06-26,5
27,1,117,2025-12-09,Зачет
28,1,118,2025-05-30,Незачет
29,1,119,2025-12-20,Зачет
30,1,120,2025-12-11,5
31,2,91,2025-12-11,Зачет
32,2,92,2025-09-12,5
33,2,93,2026-01-22,Незачет
34,2,94,2025-06-23,2
35,2,95,2025-10-13,5
36,2,96,2025-09-21,Незачет
37,2,97,2026-04-11,Зачет
38,2,98,2026-01-20,Незачет
39,2,99,2026-05-07,Незачет
40,2,100,2026-02-22,Зачет
41,2,101,2025-10-18,3
42,2,102,2026-04-09,Зачет
43,2,103,2026-04-27,2
44,2,104,2026-02-11,5
45,2,105,2025-05-26,Незачет
46,2,106,2025-08-26,2
47,2,107,2025-12-26,Зачет
48,2,108,2025-09-05,2
49,2,109,2025-09-20,5
50,2,110,2025-06-16,Зачет
51,2,111,2025-12-17,Незачет
52,2,112,2025-11-20,5
53,2,113,2025-07-28,3
54,2,114,2025-07-06,3
55,2,115,2026-01-17,5
56,2,116,2025-11-10,4
57,2,117,2025-08-02,Незачет
58,2,118,2026-04-01,Незачет
59,2,119,2025-06-18,Незачет
60,2,120,2025-09-19,5
61,3,91,2026-03-31,Зачет
62,3,92,2025-12-09,3
63,3,93,2025-09-26,Незачет
64,3,94,2025-06-20,2
65,3,95,2026-02-27,3
66,3,96,2025-08-23,Незачет
67,3,97,2025-12-15,Зачет
68,3,98,2025-08-02,Зачет
69,3,99,2026-03-16,Зачет
70,3,100,2025-10-20,Зачет
71,3,101,2026-03-31,4
72,3,102,2025-12-10,Незачет
73,3,103,2026-03-01,5
74,3,104,2026-03-20,5
75,3,105,2026-01-03,Зачет
76,3,106,2025-12-31,3
77,3,107,2026-01-24,Незачет
78,3,108,2026-01-11,4
79,3,109,2025-12-09,3
80,3,110,2025-05-17,Незачет
81,3,111,2025-12-29,Зачет
82,3,112,2026-05-02,2
83,3,113,2026-01-17,2
84,3,114,2026-03-25,5
85,3,115,2026-01-31,2
86,3,116,2025-08-18,3
87,3,117,2025-05-18,Зачет
88,3,118,2025-07-16,Зачет
89,3,119,2025-08-21,Зачет
90,3,120,2026-02-03,2
91,4,91,2026-02-27,Незачет
92,4,92,2025-09-03,2
93,4,93,2026-04-29,Зачет
94,4,94,2025-09-15,2
95,4,95,2025-09-20,5
96,4,96,2025-05-09,Незачет
97,4,97,2025-07-16,Зачет
98,4,98,2026-04-09,Зачет
99,4,99,2025-07-01,Зачет
100,4,100,2025-12-12,Зачет
101,4,101,2026-01-17,4
102,4,102,2025-10-09,Зачет
103,4,103,2025-06-03,4
104,4,104,2025-07-01,4
105,4,105,2026-02-18,Зачет
106,4,106,2026-01-07,4
107,4,107,2025-05-18,Зачет
108,4,108,2025-06-11,3
109,4,109,2026-02-20,5
110,4,110,2025-11-29,Незачет
111,4,111,2025-07-29,Незачет
112,4,112,2025-09-30,2
113,4,113,2025-10-17,3
114,4,114,2025-10-30,5
115,4,115,2025-09-16,5
116,4,116,2025-07-07,2
117,4,117,2025-09-27,Незачет
118,4,118,2025-09-05,Незачет
119,4,119,2026-02-11,Незачет
120,4,120,2025-09-09,5
121,5,91,2026-03-04,Незачет
122,5,92,2026-05-07,3
123,5,93,2025-12-13,Незачет
124,5,94,2025-12-24,5
125,5,95,2025-06-08,3
126,5,96,2026-04-15,Незачет
127,5,97,2025-05-27,Зачет
128,5,98,2025-07-06,Зачет
129,5,99,2025-07-07,Незачет
130,5,100,2026-02-23,Зачет
131,5,101,2026-01-01,5
132,5,102,2025-05-26,Зачет
133,5,103,2026-01-23,5
134,5,104,2025-06-07,5
135,5,105,2025-08-20,Зачет
136,5,106,2025-10-26,5
137,5,107,2026-01-19,Зачет
138,5,108,2025-10-18,4
139,5,109,2025-11-11,3
140,5,110,2025-12-28,Незачет
141,5,111,2025-10-25,Зачет
142,5,112,2025-10-14,5
143,5,113,2025-08-21,4
144,5,114,2025-07-29,2
145,5,115,2026-02-24,3
146,5,116,2025-11-21,2
147,5,117,2025-06-20,Незачет
148,5,118,2025-09-18,Незачет
149,5,119,2025-10-20,Зачет
150,5,120,2025-06-19,2
151,6,91,2025-08-25,Зачет
152,6,92,2026-01-25,3
153,6,93,2026-01-25,Незачет
154,6,94,2025-12-23,3
155,6,95,2025-11-11,4
156,6,96,2025-11-27,Незачет
157,6,97,2026-01-21,Зачет
158,6,98,2025-09-03,Зачет
159,6,99,2025-05-24,Зачет
160,6,100,2025-07-31,Зачет
161,6,101,2025-10-07,5
162,6,102,2025-12-25,Зачет
163,6,103,2025-05-28,3
164,6,104,2025-05-09,5
165,6,105,2025-07-25,Зачет
166,6,106,2025-09-01,4
167,6,107,2025-07-28,Незачет
168,6,108,2026-03-01,5
169,6,109,2025-06-29,5
170,6,110,2026-02-27,Незачет
171,6,111,2025-08-14,Незачет
172,6,112,2025-08-27,4
173,6,113,2025-09-11,4
174,6,114,2025-06-22,5
175,6,115,2025-05-10,5
176,6,116,2025-11-16,2
177,6,117,2026-02-21,Незачет
178,6,118,2025-10-21,Незачет
179,6,119,2025-07-14,Зачет
180,6,120,2025-06-26,4
181,7,91,2025-10-01,Незачет
182,7,92,2025-11-29,5
183,7,93,2026-02-04,Зачет
184,7,94,2025-08-04,3
185,7,95,2025-11-17,3
186,7,96,2025-12-09,Зачет
187,7,97,2026-03-26,Незачет
188,7,98,2026-01-21,Незачет
189,7,99,2026-03-16,Незачет
190,7,100,2025-09-21,Зачет
191,7,101,2025-06-03,3
192,7,102,2025-10-08,Незачет
193,7,103,2026-04-06,3
194,7,104,2026-02-19,5
195,7,105,2025-05-23,Зачет
196,7,106,2025-10-23,5
197,7,107,2025-05-14,Незачет
198,7,108,2025-11-01,4
199,7,109,2026-04-29,5
200,7,110,2025-06-06,Незачет
201,7,111,2026-04-06,Незачет
202,7,112,2025-09-05,3
203,7,113,2025-12-16,4
204,7,114,2025-10-20,3
205,7,115,2025-12-15,3
206,7,116,2025-10-11,5
207,7,117,2026-02-06,Зачет
208,7,118,2026-01-10,Зачет
209,7,119,2025-10-16,Зачет
210,7,120,2025-08-27,2
211,8,91,2025-06-20,Зачет
212,8,92,2025-10-11,2
213,8,93,2025-05-15,Незачет
214,8,94,2025-09-10,3
215,8,95,2025-07-12,3
216,8,96,2026-03-14,Зачет
217,8,97,2026-01-02,Зачет
218,8,98,2025-11-01,Зачет
219,8,99,2026-03-26,Зачет
220,8,100,2026-01-29,Незачет
221,8,101,2026-04-29,4
222,8,102,2025-09-24,Зачет
223,8,103,2025-06-10,5
224,8,104,2025-10-23,5
225,8,105,2026-03-30,Зачет
226,8,106,2025-06-17,2
227,8,107,2025-08-09,Незачет
228,8,108,2025-10-23,2
229,8,109,2025-12-21,2
230,8,110,2025-10-09,Незачет
231,8,111,2025-11-26,Незачет
232,8,112,2025-06-06,2
233,8,113,2025-10-07,5
234,8,114,2026-04-10,3
235,8,115,2025-09-04,2
236,8,116,2026-02-20,2
237,8,117,2025-09-15,Зачет
238,8,118,2025-08-01,Зачет
239,8,119,2025-09-13,Зачет
240,8,120,2026-03-05,4
241,9,91,2025-07-11,Незачет
242,9,92,2025-06-05,4
243,9,93,2025-11-21,Незачет
244,9,94,2026-01-07,2
245,9,95,2025-06-20,4
246,9,96,2025-11-29,Незачет
247,9,97,2025-11-21,Незачет
248,9,98,2025-07-21,Зачет
249,9,99,2026-04-23,Зачет
250,9,100,2026-03-04,Незачет
251,9,101,2025-09-19,2
252,9,102,2025-09-20,Зачет
253,9,103,2026-02-13,2
254,9,104,2026-03-21,5
255,9,105,2026-01-12,Незачет
256,9,106,2026-03-19,5
257,9,107,2025-07-03,Незачет
258,9,108,2025-08-06,2
259,9,109,2025-06-15,2
260,9,110,2025-07-02,Зачет
261,9,111,2025-08-14,Зачет
262,9,112,2025-07-22,5
263,9,113,2025-07-13,5
264,9,114,2025-12-26,4
265,9,115,2025-07-05,2
266,9,116,2026-02-26,2
267,9,117,2026-02-25,Зачет
268,9,118,2026-01-16,Зачет
269,9,119,2025-06-05,Незачет
270,9,120,2025-07-14,4
271,10,91,2026-03-03,Зачет
272,10,92,2026-01-05,2
273,10,93,2025-11-14,Незачет
274,10,94,2025-11-03,2
275,10,95,2026-02-23,3
276,10,96,2025-12-11,Незачет
277,10,97,2026-02-26,Зачет
278,10,98,2025-12-18,Зачет
279,10,99,2025-10-28,Зачет
280,10,100,2026-01-26,Незачет
281,10,101,2026-04-30,2
282,10,102,2026-04-14,Незачет
283,10,103,2025-12-12,3
284,10,104,2026-01-11,3
285,10,105,2026-01-08,Незачет
286,10,106,2026-01-04,4
287,10,107,2025-09-09,Незачет
288,10,108,2026-04-07,3
289,10,109,2026-01-05,2
290,10,110,2025-09-06,Незачет
291,10,111,2025-07-04,Зачет
292,10,112,2025-10-24,2
293,10,113,2025-06-02,5
294,10,114,2025-11-05,3
295,10,115,2025-10-25,2
296,10,116,2026-01-07,4
297,10,117,2025-09-01,Незачет
298,10,118,2026-03-12,Незачет
299,10,119,2025-08-21,Зачет
300,10,120,2025-12-22,4
301,11,91,2025-05-28,Незачет
302,11,92,2025-09-20,5
303,11,93,2025-11-20,Зачет
304,11,94,2025-06-04,4
305,11,95,2025-09-04,5
306,11,96,2025-11-02,Незачет
307,11,97,2025-10-29,Зачет
308,11,98,2025-05-21,Незачет
309,11,99,2025-05-29,Зачет
310,11,100,2025-09-27,Незачет
311,11,101,2026-03-25,3
312,11,102,2025-08-26,Зачет
313,11,103,2025-06-05,2
314,11,104,2026-01-12,4
315,11,105,2026-04-07,Зачет
316,11,106,2026-04-04,5
317,11,107,2025-06-11,Зачет
318,11,108,2025-12-31,5
319,11,109,2025-12-23,4
320,11,110,2025-11-19,Незачет
321,11,111,2025-10-03,Зачет
322,11,112,2025-11-02,2
323,11,113,2025-12-18,2
324,11,114,2025-12-08,4
325,11,115,2026-03-10,5
326,11,116,2026-02-17,4
327,11,117,2026-04-19,Незачет
328,11,118,2025-05-22,Зачет
329,11,119,2025-10-28,Зачет
330,11,120,2026-04-25,2
331,12,91,2026-03-17,Зачет
332,12,92,2025-12-15,5
333,12,93,2026-01-15,Незачет
334,12,94,2025-07-19,5
335,12,95,2025-09-08,2
336,12,96,2025-12-27,Зачет
337,12,97,2025-11-07,Зачет
338,12,98,2025-11-17,Незачет
339,12,99,2025-07-04,Зачет
340,12,100,2025-05-31,Незачет
341,12,101,2025-10-28,5
342,12,102,2025-06-16,Зачет
343,12,103,2026-03-17,4
344,12,104,2026-04-21,5
345,12,105,2026-03-28,Незачет
346,12,106,2025-09-17,2
347,12,107,2026-02-08,Зачет
348,12,108,2025-06-08,3
349,12,109,2025-11-18,5
350,12,110,2026-01-12,Зачет
351,12,111,2025-07-13,Зачет
352,12,112,2025-05-22,4
353,12,113,2025-08-11,4
354,12,114,2026-02-05,4
355,12,115,2025-10-24,5
356,12,116,2025-10-24,3
357,12,117,2025-11-26,Зачет
358,12,118,2025-11-26,Зачет
359,12,119,2025-12-29,Незачет
360,12,120,2025-07-07,4
361,13,91,2025-09-25,Незачет
362,13,92,2025-09-28,4
363,13,93,2026-04-28,Незачет
364,13,94,2025-08-24,2
365,13,95,2025-10-04,4
366,13,96,2025-10-12,Незачет
367,13,97,2026-03-03,Зачет
368,13,98,2025-09-15,Незачет
369,13,99,2026-01-25,Зачет
370,13,100,2025-12-25,Незачет
371,13,101,2025-05-27,2
372,13,102,2026-03-09,Зачет
373,13,103,2026-01-07,4
374,13,104,2026-01-13,2
375,13,105,2025-09-13,Незачет
376,13,106,2025-06-01,4
377,13,107,2025-09-12,Незачет
378,13,108,2025-06-12,4
379,13,109,2025-12-09,5
380,13,110,2026-01-25,Незачет
381,13,111,2025-10-04,Незачет
382,13,112,2025-08-25,3
383,13,113,2025-08-12,4
384,13,114,2026-02-12,4
385,13,115,2026-04-02,3
386,13,116,2026-01-16,5
387,13,117,2026-04-23,Незачет
388,13,118,2025-12-27,Зачет
389,13,119,2026-04-11,Незачет
390,13,120,2025-07-04,4
391,14,91,2025-09-13,Незачет
392,14,92,2025-06-07,5
393,14,93,2025-12-19,Зачет
394,14,94,2026-01-19,4
395,14,95,2025-06-30,5
396,14,96,2026-04-28,Незачет
397,14,97,2025-09-19,Незачет
398,14,98,2025-09-04,Незачет
399,14,99,2026-01-16,Зачет
400,14,100,2026-02-02,Зачет
401,14,101,2026-01-19,3
402,14,102,2025-10-06,Зачет
403,14,103,2025-06-26,5
404,14,104,2025-12-24,3
405,14,105,2026-02-06,Незачет
406,14,106,2026-05-06,4
407,14,107,2025-06-08,Зачет
408,14,108,2025-09-04,5
409,14,109,2025-12-10,5
410,14,110,2025-09-30,Зачет
411,14,111,2026-01-11,Незачет
412,14,112,2026-03-10,3
413,14,113,2025-09-11,4
414,14,114,2026-03-18,3
415,14,115,2025-06-25,5
416,14,116,2026-01-22,5
417,14,117,2026-02-03,Зачет
418,14,118,2026-03-24,Незачет
419,14,119,2026-02-17,Незачет
420,14,120,2026-01-28,5
421,15,91,2026-04-26,Незачет
422,15,92,2025-11-27,2
423,15,93,2025-06-12,Незачет
424,15,94,2026-01-12,2
425,15,95,2026-01-22,2
426,15,96,2025-10-18,Зачет
427,15,97,2025-11-20,Незачет
428,15,98,2025-09-24,Зачет
429,15,99,2025-05-14,Зачет
430,15,100,2025-09-24,Незачет
431,15,101,2025-09-03,4
432,15,102,2025-07-16,Незачет
433,15,103,2025-07-29,2
434,15,104,2025-09-16,2
435,15,105,2026-02-28,Зачет
436,15,106,2025-11-11,4
437,15,107,2025-07-20,Зачет
438,15,108,2025-08-02,3
439,15,109,2025-06-29,5
440,15,110,2025-07-06,Незачет
441,15,111,2025-06-05,Незачет
442,15,112,2025-08-29,5
443,15,113,2026-03-30,3
444,15,114,2026-03-09,4
445,15,115,2025-06-15,2
446,15,116,2025-11-20,5
447,15,117,2026-03-02,Зачет
448,15,118,2025-12-02,Незачет
449,15,119,2026-03-27,Незачет
450,15,120,2026-02-17,2
451,16,91,2026-04-15,Зачет
452,16,92,2025-11-27,3
453,16,93,2025-05-21,Незачет
454,16,94,2026-01-19,4
455,16,95,2025-09-14,4
456,16,96,2026-04-12,Незачет
457,16,97,2026-02-28,Зачет
458,16,98,2026-01-02,Незачет
459,16,99,2025-06-26,Незачет
460,16,100,2025-12-24,Незачет
461,16,101,2025-09-30,2
462,16,102,2025-07-05,Незачет
463,16,103,2025-07-09,5
464,16,104,2025-07-16,4
465,16,105,2026-03-25,Зачет
466,16,106,2026-01-31,4
467,16,107,2026-03-02,Зачет
468,16,108,2026-01-04,2
469,16,109,2026-03-17,2
470,16,110,2026-04-22,Незачет
471,16,111,2025-07-10,Зачет
472,16,112,2026-02-11,3
473,16,113,2025-10-23,3
474,16,114,2025-05-23,3
475,16,115,2025-10-13,3
476,16,116,2025-09-25,4
477,16,117,2026-01-24,Незачет
478,16,118,2026-02-10,Незачет
479,16,119,2025-08-07,Зачет
480,16,120,2025-10-26,5
481,17,91,2025-12-30,Зачет
482,17,92,2025-08-25,3
483,17,93,2026-02-23,Незачет
484,17,94,2026-02-21,5
485,17,95,2026-03-07,2
486,17,96,2025-10-28,Зачет
487,17,97,2025-08-05,Незачет
488,17,98,2025-11-30,Незачет
489,17,99,2025-08-07,Незачет
490,17,100,2025-09-04,Зачет
491,17,101,2026-03-17,3
492,17,102,2026-03-07,Зачет
493,17,103,2025-11-05,4
494,17,104,2026-04-23,2
495,17,105,2026-03-27,Зачет
496,17,106,2025-07-21,3
497,17,107,2025-09-26,Незачет
498,17,108,2026-01-25,4
499,17,109,2025-12-14,3
500,17,110,2025-10-25,Незачет
501,17,111,2025-11-02,Зачет
502,17,112,2026-03-01,4
503,17,113,2025-08-24,5
504,17,114,2026-03-05,4
505,17,115,2025-10-02,5
506,17,116,2025-11-18,5
507,17,117,2025-11-27,Зачет
508,17,118,2025-10-16,Незачет
509,17,119,2025-07-08,Незачет
510,17,120,2026-03-20,5
511,18,91,2025-07-23,Зачет
512,18,92,2026-03-14,4
513,18,93,2025-12-27,Зачет
514,18,94,2025-06-29,3
515,18,95,2026-04-11,4
516,18,96,2025-08-12,Зачет
517,18,97,2025-05-27,Зачет
518,18,98,2026-01-11,Незачет
519,18,99,2025-11-09,Зачет
520,18,100,2026-04-11,Зачет
521,18,101,2025-09-28,4
522,18,102,2025-12-08,Зачет
523,18,103,2026-05-04,5
524,18,104,2025-06-15,5
525,18,105,2026-02-07,Зачет
526,18,106,2026-03-31,5
527,18,107,2025-11-23,Незачет
528,18,108,2026-04-02,3
529,18,109,2025-06-24,5
530,18,110,2025-08-25,Зачет
531,18,111,2025-06-08,Зачет
532,18,112,2026-02-27,5
533,18,113,2025-07-08,4
534,18,114,2025-08-20,3
535,18,115,2025-10-28,3
536,18,116,2026-04-23,4
537,18,117,2025-11-22,Незачет
538,18,118,2025-07-03,Зачет
539,18,119,2026-03-25,Незачет
540,18,120,2025-10-23,2
541,19,91,2025-06-11,Незачет
542,19,92,2026-04-25,3
543,19,93,2025-08-01,Зачет
544,19,94,2026-03-20,5
545,19,95,2025-10-29,5
546,19,96,2026-04-15,Незачет
547,19,97,2025-09-19,Незачет
548,19,98,2026-05-03,Незачет
549,19,99,2025-05-17,Незачет
550,19,100,2025-10-15,Незачет
551,19,101,2025-05-27,3
552,19,102,2025-10-07,Зачет
553,19,103,2025-11-17,2
554,19,104,2025-09-29,3
555,19,105,2025-08-06,Незачет
556,19,106,2025-10-03,2
557,19,107,2025-06-07,Незачет
558,19,108,2025-09-29,3
559,19,109,2025-08-02,4
560,19,110,2025-05-17,Зачет
561,19,111,2025-09-07,Незачет
562,19,112,2026-05-03,5
563,19,113,2025-06-14,2
564,19,114,2026-03-28,2
565,19,115,2026-02-08,4
566,19,116,2026-01-14,4
567,19,117,2025-09-14,Зачет
568,19,118,2026-03-10,Незачет
569,19,119,2025-07-02,Зачет
570,19,120,2025-06-29,5
571,20,91,2025-05-21,Зачет
572,20,92,2025-08-26,3
573,20,93,2026-04-28,Незачет
574,20,94,2026-03-25,2
575,20,95,2025-11-06,5
576,20,96,2026-02-01,Незачет
577,20,97,2026-03-25,Незачет
578,20,98,2025-06-29,Зачет
579,20,99,2026-02-25,Незачет
580,20,100,2026-02-05,Зачет
581,20,101,2025-11-05,3
582,20,102,2025-10-28,Зачет
583,20,103,2025-12-31,4
584,20,104,2025-05-09,5
585,20,105,2026-04-23,Зачет
586,20,106,2025-06-06,3
587,20,107,2025-05-14,Зачет
588,20,108,2025-08-14,3
589,20,109,2025-07-29,2
590,20,110,2026-03-27,Незачет
591,20,111,2025-07-04,Незачет
592,20,112,2025-12-06,3
593,20,113,2026-05-07,4
594,20,114,2026-02-13,4
595,20,115,2025-12-29,4
596,20,116,2025-11-27,4
597,20,117,2025-10-18,Зачет
598,20,118,2025-06-19,Зачет
599,20,119,2026-03-04,Незачет
600,20,120,2025-08-26,2
601,21,91,2025-08-07,Незачет
602,21,92,2025-08-31,3
603,21,93,2025-06-23,Зачет
604,21,94,2025-05-25,3
605,21,95,2025-08-07,3
606,21,96,2025-10-17,Незачет
607,21,97,2026-01-10,Зачет
608,21,98,2026-03-11,Незачет
609,21,99,2026-01-03,Незачет
610,21,100,2025-10-31,Зачет
611,21,101,2025-05-31,4
612,21,102,2025-06-19,Незачет
613,21,103,2026-03-27,5
614,21,104,2026-04-23,5
615,21,105,2025-11-17,Зачет
616,21,106,2025-12-24,2
617,21,107,2025-12-01,Незачет
618,21,108,2025-05-13,4
619,21,109,2026-01-07,4
620,21,110,2025-11-23,Незачет
621,21,111,2025-12-16,Незачет
622,21,112,2025-08-08,4
623,21,113,2026-02-10,2
624,21,114,2025-07-01,2
625,21,115,2025-08-28,5
626,21,116,2025-10-20,4
627,21,117,2025-05-07,Зачет
628,21,118,2025-12-31,Незачет
629,21,119,2025-09-21,Зачет
630,21,120,2025-08-08,5
631,22,91,2025-12-14,Зачет
632,22,92,2025-10-15,5
633,22,93,2025-07-18,Незачет
634,22,94,2026-01-20,4
635,22,95,2026-01-21,4
636,22,96,2025-06-09,Незачет
637,22,97,2025-11-26,Зачет
638,22,98,2025-09-24,Незачет
639,22,99,2025-06-02,Незачет
640,22,100,2025-11-27,Зачет
641,22,101,2025-12-04,2
642,22,102,2025-11-20,Зачет
643,22,103,2026-03-08,5
644,22,104,2025-11-20,2
645,22,105,2025-12-08,Зачет
646,22,106,2025-05-14,3
647,22,107,2025-10-05,Незачет
648,22,108,2026-04-11,5
649,22,109,2025-11-05,2
650,22,110,2025-05-23,Незачет
651,22,111,2026-01-08,Зачет
652,22,112,2025-10-04,3
653,22,113,2025-09-28,4
654,22,114,2025-08-13,3
655,22,115,2026-02-21,4
656,22,116,2025-05-13,2
657,22,117,2025-09-22,Незачет
658,22,118,2026-03-09,Незачет
659,22,119,2025-06-02,Зачет
660,22,120,2025-09-17,4
661,23,91,2025-08-08,Зачет
662,23,92,2026-02-15,2
663,23,93,2026-01-17,Незачет
664,23,94,2026-01-05,4
665,23,95,2025-06-16,3
666,23,96,2026-03-02,Незачет
667,23,97,2025-12-18,Зачет
668,23,98,2026-02-16,Зачет
669,23,99,2026-02-24,Зачет
670,23,100,2025-09-13,Зачет
671,23,101,2025-06-27,5
672,23,102,2025-05-24,Зачет
673,23,103,2025-09-20,3
674,23,104,2025-12-05,3
675,23,105,2025-09-15,Незачет
676,23,106,2026-03-18,2
677,23,107,2026-01-11,Зачет
678,23,108,2025-07-13,4
679,23,109,2026-03-25,2
680,23,110,2026-03-05,Незачет
681,23,111,2026-01-27,Зачет
682,23,112,2025-11-03,5
683,23,113,2026-02-01,2
684,23,114,2025-11-08,3
685,23,115,2026-01-07,5
686,23,116,2025-07-16,2
687,23,117,2026-03-18,Зачет
688,23,118,2025-06-28,Зачет
689,23,119,2025-05-31,Незачет
690,23,120,2026-02-09,4
691,24,91,2026-03-04,Незачет
692,24,92,2025-10-31,3
693,24,93,2025-05-21,Незачет
694,24,94,2025-08-28,3
695,24,95,2025-07-24,3
696,24,96,2025-05-24,Зачет
697,24,97,2026-03-10,Зачет
698,24,98,2025-07-23,Зачет
699,24,99,2026-04-16,Незачет
700,24,100,2025-05-23,Незачет
701,24,101,2025-09-06,3
702,24,102,2026-05-04,Зачет
703,24,103,2025-09-04,5
704,24,104,2025-11-23,5
705,24,105,2025-10-08,Зачет
706,24,106,2026-03-19,2
707,24,107,2025-12-03,Зачет
708,24,108,2025-11-06,3
709,24,109,2025-08-13,2
710,24,110,2025-05-21,Незачет
711,24,111,2026-02-23,Незачет
712,24,112,2026-01-13,5
713,24,113,2025-07-20,4
714,24,114,2025-08-26,3
715,24,115,2025-09-22,3
716,24,116,2026-04-06,4
717,24,117,2026-03-06,Зачет
718,24,118,2025-05-25,Зачет
719,24,119,2026-04-08,Незачет
720,24,120,2026-01-16,2
721,25,91,2025-09-12,Незачет
722,25,92,2025-08-21,3
723,25,93,2025-06-24,Зачет
724,25,94,2026-03-13,5
725,25,95,2025-09-26,4
726,25,96,2025-10-23,Зачет
727,25,97,2026-04-17,Зачет
728,25,98,2025-10-09,Незачет
729,25,99,2026-02-19,Незачет
730,25,100,2025-10-24,Зачет
731,25,101,2026-04-19,3
732,25,102,2025-10-04,Незачет
733,25,103,2025-09-15,2
734,25,104,2025-07-18,2
735,25,105,2025-11-15,Незачет
736,25,106,2026-01-30,4
737,25,107,2025-11-16,Зачет
738,25,108,2025-09-26,5
739,25,109,2026-04-30,5
740,25,110,2026-03-12,Незачет
741,25,111,2025-11-24,Зачет
742,25,112,2025-08-18,5
743,25,113,2026-03-14,2
744,25,114,2025-06-08,2
745,25,115,2026-02-13,2
746,25,116,2025-10-18,2
747,25,117,2025-06-06,Незачет
748,25,118,2025-10-21,Зачет
749,25,119,2025-12-26,Зачет
750,25,120,2026-03-22,2
751,26,121,2025-07-16,5
752,26,122,2025-12-04,4
753,26,123,2025-08-29,Незачет
754,26,124,2025-09-08,Незачет
755,26,125,2025-06-15,5
756,26,126,2025-06-07,2
757,26,127,2025-09-11,3
758,26,128,2026-01-18,Незачет
759,26,129,2025-08-29,Зачет
760,26,130,2025-09-03,4
761,26,131,2025-10-27,2
762,26,132,2025-12-27,3
763,26,133,2026-02-09,Зачет
764,26,134,2025-10-19,Незачет
765,26,135,2025-07-10,5
766,26,136,2026-01-29,Зачет
767,26,137,2025-10-26,4
768,26,138,2025-09-20,5
769,26,139,2025-10-27,3
770,26,140,2025-05-23,2
771,26,141,2026-02-13,3
772,26,142,2026-04-09,Зачет
773,26,143,2026-04-26,5
774,26,144,2025-09-20,Зачет
775,26,145,2025-12-31,Незачет
776,26,146,2025-10-22,Зачет
777,26,147,2025-08-21,Незачет
778,26,148,2026-01-10,Зачет
779,26,149,2026-03-10,2
780,26,150,2025-05-29,Зачет
781,27,121,2025-06-05,3
782,27,122,2026-01-22,2
783,27,123,2026-01-09,Зачет
784,27,124,2025-10-11,Незачет
785,27,125,2025-09-25,4
786,27,126,2025-11-22,4
787,27,127,2026-03-14,3
788,27,128,2026-02-22,Незачет
789,27,129,2026-01-25,Зачет
790,27,130,2025-07-08,4
791,27,131,2025-05-19,2
792,27,132,2025-07-01,2
793,27,133,2026-04-01,Незачет
794,27,134,2025-12-28,Незачет
795,27,135,2026-01-25,4
796,27,136,2026-03-06,Зачет
797,27,137,2025-10-24,4
798,27,138,2025-05-20,2
799,27,139,2025-06-25,5
800,27,140,2025-06-02,5
801,27,141,2025-08-06,4
802,27,142,2026-03-05,Зачет
803,27,143,2026-01-12,5
804,27,144,2025-09-26,Зачет
805,27,145,2025-09-24,Незачет
806,27,146,2025-10-02,Зачет
807,27,147,2025-12-13,Незачет
808,27,148,2025-05-19,Зачет
809,27,149,2025-12-27,2
810,27,150,2025-07-05,Зачет
811,28,121,2026-01-25,2
812,28,122,2025-10-28,2
813,28,123,2025-09-28,Зачет
814,28,124,2025-09-28,Зачет
815,28,125,2025-10-26,2
816,28,126,2026-02-27,5
817,28,127,2025-06-05,4
818,28,128,2025-12-15,Незачет
819,28,129,2025-06-29,Зачет
820,28,130,2025-11-28,3
821,28,131,2025-09-26,2
822,28,132,2025-10-08,5
823,28,133,2025-09-06,Зачет
824,28,134,2026-01-14,Незачет
825,28,135,2025-08-23,3
826,28,136,2025-08-11,Незачет
827,28,137,2025-06-20,4
828,28,138,2025-05-17,4
829,28,139,2026-02-16,2
830,28,140,2025-07-18,4
831,28,141,2025-11-16,2
832,28,142,2025-11-24,Зачет
833,28,143,2025-10-04,3
834,28,144,2026-04-26,Зачет
835,28,145,2025-12-11,Зачет
836,28,146,2025-06-21,Незачет
837,28,147,2025-08-16,Зачет
838,28,148,2026-03-03,Незачет
839,28,149,2025-08-16,4
840,28,150,2026-02-04,Незачет
841,29,121,2025-10-27,4
842,29,122,2025-07-29,2
843,29,123,2025-12-30,Незачет
844,29,124,2025-08-25,Зачет
845,29,125,2026-01-31,4
846,29,126,2026-04-27,3
847,29,127,2025-11-13,4
848,29,128,2025-07-23,Незачет
849,29,129,2025-06-23,Зачет
850,29,130,2025-06-28,5
851,29,131,2026-04-03,4
852,29,132,2025-06-04,5
853,29,133,2025-10-29,Зачет
854,29,134,2025-07-13,Зачет
855,29,135,2026-04-21,3
856,29,136,2026-02-08,Зачет
857,29,137,2025-10-26,5
858,29,138,2025-06-10,2
859,29,139,2026-03-17,3
860,29,140,2026-01-26,4
861,29,141,2026-03-31,2
862,29,142,2025-09-08,Незачет
863,29,143,2026-01-21,2
864,29,144,2025-09-18,Незачет
865,29,145,2026-02-06,Незачет
866,29,146,2025-06-01,Зачет
867,29,147,2025-12-06,Зачет
868,29,148,2025-12-03,Зачет
869,29,149,2025-08-27,5
870,29,150,2026-04-18,Незачет
871,30,121,2025-08-31,2
872,30,122,2026-04-02,3
873,30,123,2025-07-07,Незачет
874,30,124,2026-02-07,Зачет
875,30,125,2026-02-06,2
876,30,126,2026-05-02,3
877,30,127,2026-02-02,5
878,30,128,2026-01-09,Незачет
879,30,129,2025-07-13,Незачет
880,30,130,2026-03-11,2
881,30,131,2025-09-24,2
882,30,132,2025-11-20,3
883,30,133,2025-08-02,Незачет
884,30,134,2025-06-23,Зачет
885,30,135,2025-07-24,2
886,30,136,2026-03-10,Незачет
887,30,137,2025-06-29,3
888,30,138,2025-08-06,3
889,30,139,2026-03-09,4
890,30,140,2025-11-14,4
891,30,141,2025-05-17,4
892,30,142,2025-09-24,Незачет
893,30,143,2025-12-08,4
894,30,144,2025-12-15,Незачет
895,30,145,2025-09-27,Незачет
896,30,146,2025-11-04,Незачет
897,30,147,2026-03-15,Зачет
898,30,148,2025-12-07,Зачет
899,30,149,2025-06-26,3
900,30,150,2025-12-30,Зачет
901,31,121,2026-04-15,2
902,31,122,2025-06-09,3
903,31,123,2025-06-01,Зачет
904,31,124,2025-09-04,Зачет
905,31,125,2025-10-08,5
906,31,126,2026-02-09,5
907,31,127,2026-02-10,4
908,31,128,2025-11-08,Незачет
909,31,129,2025-11-27,Зачет
910,31,130,2025-10-13,4
911,31,131,2026-03-01,3
912,31,132,2025-10-13,5
913,31,133,2026-03-22,Незачет
914,31,134,2025-12-16,Незачет
915,31,135,2025-06-04,4
916,31,136,2025-06-24,Зачет
917,31,137,2025-09-07,2
918,31,138,2026-01-11,3
919,31,139,2025-06-04,4
920,31,140,2025-10-28,2
921,31,141,2025-11-03,3
922,31,142,2026-01-26,Незачет
923,31,143,2025-11-23,3
924,31,144,2025-09-17,Зачет
925,31,145,2025-06-25,Зачет
926,31,146,2026-04-12,Незачет
927,31,147,2026-03-24,Незачет
928,31,148,2026-03-06,Зачет
929,31,149,2025-12-07,4
930,31,150,2026-01-10,Незачет
931,32,121,2025-12-21,3
932,32,122,2025-07-16,2
933,32,123,2026-03-01,Незачет
934,32,124,2025-06-26,Незачет
935,32,125,2025-10-22,3
936,32,126,2025-11-18,2
937,32,127,2026-04-25,5
938,32,128,2026-04-09,Зачет
939,32,129,2025-05-28,Зачет
940,32,130,2026-03-25,2
941,32,131,2025-06-24,2
942,32,132,2025-11-24,2
943,32,133,2025-07-05,Зачет
944,32,134,2025-09-02,Зачет
945,32,135,2025-07-09,3
946,32,136,2025-07-08,Незачет
947,32,137,2025-09-09,4
948,32,138,2026-05-05,2
949,32,139,2026-02-06,4
950,32,140,2025-08-02,2
951,32,141,2025-09-18,2
952,32,142,2026-05-07,Зачет
953,32,143,2025-11-24,3
954,32,144,2026-04-19,Незачет
955,32,145,2025-08-25,Зачет
956,32,146,2026-03-31,Зачет
957,32,147,2025-06-06,Незачет
958,32,148,2025-08-12,Зачет
959,32,149,2025-07-22,2
960,32,150,2026-01-08,Незачет
961,33,121,2025-12-06,2
962,33,122,2025-08-21,3
963,33,123,2025-06-24,Незачет
964,33,124,2026-01-04,Незачет
965,33,125,2025-09-01,5
966,33,126,2025-12-31,2
967,33,127,2025-11-30,5
968,33,128,2025-06-12,Незачет
969,33,129,2025-11-18,Зачет
970,33,130,2026-01-10,4
971,33,131,2025-07-11,3
972,33,132,2025-12-22,3
973,33,133,2026-05-07,Незачет
974,33,134,2025-12-18,Незачет
975,33,135,2025-07-05,5
976,33,136,2025-07-12,Зачет
977,33,137,2026-01-17,2
978,33,138,2026-01-04,3
979,33,139,2026-02-10,4
980,33,140,2026-04-22,5
981,33,141,2025-12-28,5
982,33,142,2025-09-15,Незачет
983,33,143,2026-03-30,2
984,33,144,2026-04-30,Зачет
985,33,145,2025-12-11,Незачет
986,33,146,2025-05-22,Незачет
987,33,147,2026-03-23,Зачет
988,33,148,2026-04-07,Незачет
989,33,149,2025-05-18,3
990,33,150,2025-06-07,Зачет
991,34,121,2025-05-24,2
992,34,122,2026-01-11,5
993,34,123,2026-03-02,Незачет
994,34,124,2025-12-16,Незачет
995,34,125,2025-08-17,5
996,34,126,2026-01-14,4
997,34,127,2025-07-27,4
998,34,128,2026-02-28,Незачет
999,34,129,2025-12-15,Незачет
1000,34,130,2025-10-15,3
1001,34,131,2026-01-02,2
1002,34,132,2026-01-10,4
1003,34,133,2025-05-18,Зачет
1004,34,134,2025-11-16,Зачет
1005,34,135,2026-04-17,4
1006,34,136,2026-01-05,Зачет
1007,34,137,2025-12-04,5
1008,34,138,2025-08-27,4
1009,34,139,2026-01-11,3
1010,34,140,2025-09-01,3
1011,34,141,2025-11-10,2
1012,34,142,2025-08-10,Зачет
1013,34,143,2026-03-15,3
1014,34,144,2026-03-16,Незачет
1015,34,145,2026-01-28,Зачет
1016,34,146,2025-10-11,Зачет
1017,34,147,2025-08-30,Незачет
1018,34,148,2025-10-30,Незачет
1019,34,149,2025-06-04,3
1020,34,150,2026-01-29,Зачет
1021,35,121,2025-05-30,3
1022,35,122,2025-07-07,4
1023,35,123,2025-10-24,Незачет
1024,35,124,2025-10-15,Зачет
1025,35,125,2025-11-11,4
1026,35,126,2025-11-03,3
1027,35,127,2025-07-25,3
1028,35,128,2025-09-16,Незачет
1029,35,129,2025-12-28,Незачет
1030,35,130,2025-07-01,3
1031,35,131,2025-09-05,5
1032,35,132,2026-04-06,2
1033,35,133,2026-02-09,Зачет
1034,35,134,2025-09-08,Зачет
1035,35,135,2026-02-16,3
1036,35,136,2026-04-06,Зачет
1037,35,137,2025-09-18,2
1038,35,138,2025-10-08,5
1039,35,139,2025-06-26,2
1040,35,140,2026-02-26,4
1041,35,141,2025-09-27,3
1042,35,142,2025-11-22,Зачет
1043,35,143,2025-12-11,4
1044,35,144,2025-06-17,Зачет
1045,35,145,2025-09-07,Незачет
1046,35,146,2025-08-08,Зачет
1047,35,147,2025-11-04,Зачет
1048,35,148,2025-06-23,Зачет
1049,35,149,2025-08-18,3
1050,35,150,2025-10-28,Зачет
1051,36,121,2025-08-11,4
1052,36,122,2025-06-30,2
1053,36,123,2025-06-13,Незачет
1054,36,124,2025-05-26,Незачет
1055,36,125,2025-08-27,2
1056,36,126,2025-10-03,4
1057,36,127,2026-04-07,4
1058,36,128,2025-12-31,Незачет
1059,36,129,2025-10-16,Зачет
1060,36,130,2025-08-11,3
1061,36,131,2026-04-08,5
1062,36,132,2026-04-22,5
1063,36,133,2025-07-08,Незачет
1064,36,134,2026-03-18,Зачет
1065,36,135,2025-09-11,4
1066,36,136,2026-05-04,Зачет
1067,36,137,2025-12-17,3
1068,36,138,2026-02-11,5
1069,36,139,2025-09-05,4
1070,36,140,2025-07-19,4
1071,36,141,2026-02-27,3
1072,36,142,2025-07-07,Зачет
1073,36,143,2025-11-16,2
1074,36,144,2025-11-22,Незачет
1075,36,145,2025-11-04,Зачет
1076,36,146,2025-11-16,Зачет
1077,36,147,2026-04-13,Незачет
1078,36,148,2025-09-03,Зачет
1079,36,149,2025-11-16,2
1080,36,150,2025-05-16,Незачет
1081,37,121,2025-06-10,3
1082,37,122,2025-10-06,4
1083,37,123,2025-11-19,Зачет
1084,37,124,2025-10-31,Зачет
1085,37,125,2025-08-08,4
1086,37,126,2025-07-29,4
1087,37,127,2025-12-19,3
1088,37,128,2025-09-21,Зачет
1089,37,129,2025-05-25,Незачет
1090,37,130,2025-05-26,5
1091,37,131,2025-08-24,2
1092,37,132,2025-11-15,4
1093,37,133,2025-12-25,Зачет
1094,37,134,2026-04-14,Зачет
1095,37,135,2026-03-30,2
1096,37,136,2026-01-16,Незачет
1097,37,137,2026-01-23,4
1098,37,138,2025-11-05,2
1099,37,139,2025-08-25,2
1100,37,140,2025-12-01,2
1101,37,141,2025-05-10,5
1102,37,142,2026-04-01,Незачет
1103,37,143,2025-06-17,5
1104,37,144,2025-10-21,Зачет
1105,37,145,2025-06-28,Незачет
1106,37,146,2026-04-14,Незачет
1107,37,147,2025-08-17,Незачет
1108,37,148,2026-02-13,Незачет
1109,37,149,2025-09-26,5
1110,37,150,2026-02-27,Зачет
1111,38,121,2025-10-10,5
1112,38,122,2025-09-26,3
1113,38,123,2025-05-24,Зачет
1114,38,124,2025-10-09,Незачет
1115,38,125,2025-05-26,2
1116,38,126,2025-12-14,2
1117,38,127,2025-12-11,4
1118,38,128,2025-07-21,Зачет
1119,38,129,2025-09-24,Незачет
1120,38,130,2025-12-07,4
1121,38,131,2025-08-27,2
1122,38,132,2025-06-04,2
1123,38,133,2025-10-04,Незачет
1124,38,134,2025-11-18,Зачет
1125,38,135,2025-10-28,5
1126,38,136,2026-02-27,Зачет
1127,38,137,2025-12-06,2
1128,38,138,2025-08-23,2
1129,38,139,2026-03-23,4
1130,38,140,2026-01-04,5
1131,38,141,2026-01-26,2
1132,38,142,2025-12-30,Незачет
1133,38,143,2025-06-22,3
1134,38,144,2025-06-25,Незачет
1135,38,145,2025-06-13,Зачет
1136,38,146,2025-10-06,Зачет
1137,38,147,2025-09-28,Зачет
1138,38,148,2026-03-11,Незачет
1139,38,149,2025-09-15,3
1140,38,150,2025-12-09,Зачет
1141,39,121,2026-05-06,5
1142,39,122,2025-09-25,4
1143,39,123,2026-02-24,Незачет
1144,39,124,2025-07-02,Незачет
1145,39,125,2025-07-23,3
1146,39,126,2025-12-26,2
1147,39,127,2025-11-20,2
1148,39,128,2025-10-09,Незачет
1149,39,129,2025-11-17,Незачет
1150,39,130,2025-05-22,3
1151,39,131,2025-05-24,2
1152,39,132,2025-05-22,4
1153,39,133,2025-06-29,Зачет
1154,39,134,2026-02-08,Незачет
1155,39,135,2025-09-13,2
1156,39,136,2026-03-15,Незачет
1157,39,137,2025-11-06,5
1158,39,138,2025-11-24,3
1159,39,139,2025-10-31,2
1160,39,140,2025-07-03,2
1161,39,141,2025-12-28,3
1162,39,142,2026-04-18,Зачет
1163,39,143,2025-11-23,4
1164,39,144,2025-06-30,Зачет
1165,39,145,2025-09-11,Незачет
1166,39,146,2026-05-03,Зачет
1167,39,147,2025-12-31,Незачет
1168,39,148,2025-09-07,Незачет
1169,39,149,2025-07-09,5
1170,39,150,2025-10-06,Незачет
1171,40,121,2026-01-01,4
1172,40,122,2026-02-18,2
1173,40,123,2026-03-30,Незачет
1174,40,124,2025-08-31,Зачет
1175,40,125,2025-12-23,4
1176,40,126,2025-09-14,5
1177,40,127,2025-11-20,4
1178,40,128,2026-03-24,Зачет
1179,40,129,2025-11-20,Незачет
1180,40,130,2025-11-29,2
1181,40,131,2025-11-13,4
1182,40,132,2026-02-06,5
1183,40,133,2025-12-11,Незачет
1184,40,134,2025-08-31,Незачет
1185,40,135,2025-11-07,3
1186,40,136,2026-03-19,Незачет
1187,40,137,2025-05-13,2
1188,40,138,2025-09-27,3
1189,40,139,2025-09-12,2
1190,40,140,2026-01-23,2
1191,40,141,2025-06-18,4
1192,40,142,2025-10-15,Незачет
1193,40,143,2025-12-19,3
1194,40,144,2025-09-03,Зачет
1195,40,145,2026-03-12,Незачет
1196,40,146,2026-04-21,Незачет
1197,40,147,2026-02-12,Незачет
1198,40,148,2026-04-10,Зачет
1199,40,149,2026-01-29,5
1200,40,150,2026-01-06,Незачет
1201,41,121,2025-05-17,2
1202,41,122,2025-12-24,5
1203,41,123,2025-11-07,Зачет
1204,41,124,2025-08-18,Зачет
1205,41,125,2026-01-16,2
1206,41,126,2026-03-07,5
1207,41,127,2026-03-04,3
1208,41,128,2025-12-17,Зачет
1209,41,129,2025-12-17,Зачет
1210,41,130,2025-08-03,3
1211,41,131,2026-02-11,3
1212,41,132,2025-05-26,2
1213,41,133,2025-12-19,Незачет
1214,41,134,2025-11-09,Зачет
1215,41,135,2025-07-12,5
1216,41,136,2025-11-26,Зачет
1217,41,137,2026-01-06,3
1218,41,138,2026-02-11,4
1219,41,139,2026-01-02,4
1220,41,140,2026-03-03,2
1221,41,141,2026-03-29,2
1222,41,142,2025-10-01,Незачет
1223,41,143,2025-07-03,5
1224,41,144,2026-03-22,Незачет
1225,41,145,2026-01-26,Незачет
1226,41,146,2025-08-09,Незачет
1227,41,147,2025-05-19,Зачет
1228,41,148,2025-12-15,Незачет
1229,41,149,2026-02-03,2
1230,41,150,2025-06-18,Незачет
1231,42,121,2025-07-20,3
1232,42,122,2025-05-14,3
1233,42,123,2025-10-25,Зачет
1234,42,124,2025-09-05,Зачет
1235,42,125,2025-10-16,2
1236,42,126,2025-07-04,4
1237,42,127,2025-10-14,4
1238,42,128,2026-01-30,Незачет
1239,42,129,2025-07-25,Незачет
1240,42,130,2025-10-13,5
1241,42,131,2025-11-17,5
1242,42,132,2026-03-03,5
1243,42,133,2025-12-30,Зачет
1244,42,134,2026-04-29,Зачет
1245,42,135,2025-11-06,4
1246,42,136,2026-04-10,Незачет
1247,42,137,2026-04-01,3
1248,42,138,2026-02-16,5
1249,42,139,2026-02-13,2
1250,42,140,2025-05-31,5
1251,42,141,2026-02-05,4
1252,42,142,2025-06-29,Зачет
1253,42,143,2025-11-24,2
1254,42,144,2025-07-26,Незачет
1255,42,145,2025-12-10,Незачет
1256,42,146,2025-09-10,Незачет
1257,42,147,2026-01-19,Зачет
1258,42,148,2025-11-08,Незачет
1259,42,149,2025-11-27,4
1260,42,150,2025-09-30,Незачет
1261,43,121,2025-09-05,4
1262,43,122,2025-07-13,5
1263,43,123,2025-11-01,Зачет
1264,43,124,2026-04-26,Зачет
1265,43,125,2025-11-30,3
1266,43,126,2025-09-16,4
1267,43,127,2025-12-05,5
1268,43,128,2025-09-21,Незачет
1269,43,129,2026-01-24,Незачет
1270,43,130,2026-03-02,5
1271,43,131,2026-04-08,2
1272,43,132,2026-02-10,3
1273,43,133,2026-01-26,Незачет
1274,43,134,2026-01-11,Зачет
1275,43,135,2026-03-15,5
1276,43,136,2026-01-31,Незачет
1277,43,137,2025-08-17,4
1278,43,138,2025-12-29,2
1279,43,139,2025-11-11,3
1280,43,140,2025-07-20,2
1281,43,141,2025-08-10,4
1282,43,142,2025-08-23,Незачет
1283,43,143,2025-12-09,3
1284,43,144,2025-08-30,Зачет
1285,43,145,2025-08-02,Зачет
1286,43,146,2026-05-07,Зачет
1287,43,147,2025-08-30,Зачет
1288,43,148,2026-03-02,Зачет
1289,43,149,2025-08-27,3
1290,43,150,2026-02-04,Зачет
1291,44,121,2025-07-26,5
1292,44,122,2026-01-30,2
1293,44,123,2026-02-04,Незачет
1294,44,124,2025-11-12,Зачет
1295,44,125,2025-09-07,4
1296,44,126,2025-11-09,4
1297,44,127,2025-09-19,5
1298,44,128,2025-12-10,Незачет
1299,44,129,2026-05-04,Зачет
1300,44,130,2026-05-04,2
1301,44,131,2026-03-11,3
1302,44,132,2026-02-11,4
1303,44,133,2025-08-21,Незачет
1304,44,134,2025-08-26,Незачет
1305,44,135,2025-06-23,3
1306,44,136,2025-12-15,Незачет
1307,44,137,2026-01-24,4
1308,44,138,2025-12-03,4
1309,44,139,2025-10-01,3
1310,44,140,2026-04-19,4
1311,44,141,2025-10-07,2
1312,44,142,2026-03-20,Незачет
1313,44,143,2025-09-18,2
1314,44,144,2026-03-03,Незачет
1315,44,145,2026-03-15,Зачет
1316,44,146,2025-07-02,Зачет
1317,44,147,2025-08-27,Зачет
1318,44,148,2025-05-23,Зачет
1319,44,149,2025-08-26,3
1320,44,150,2026-02-08,Зачет
1321,45,121,2025-06-06,4
1322,45,122,2025-09-18,5
1323,45,123,2026-04-30,Зачет
1324,45,124,2025-10-25,Зачет
1325,45,125,2026-01-16,5
1326,45,126,2025-08-14,3
1327,45,127,2026-02-21,3
1328,45,128,2025-11-09,Зачет
1329,45,129,2025-07-29,Зачет
1330,45,130,2025-07-24,4
1331,45,131,2026-03-24,4
1332,45,132,2025-12-02,4
1333,45,133,2025-08-20,Незачет
1334,45,134,2026-05-04,Незачет
1335,45,135,2025-12-11,4
1336,45,136,2026-02-01,Незачет
1337,45,137,2025-08-20,4
1338,45,138,2025-06-29,3
1339,45,139,2025-06-18,5
1340,45,140,2026-01-01,4
1341,45,141,2026-02-18,5
1342,45,142,2025-12-20,Зачет
1343,45,143,2025-08-07,2
1344,45,144,2025-08-09,Незачет
1345,45,145,2025-05-26,Незачет
1346,45,146,2026-01-22,Незачет
1347,45,147,2026-04-23,Зачет
1348,45,148,2025-11-29,Незачет
1349,45,149,2025-08-02,2
1350,45,150,2026-01-09,Незачет
1351,46,121,2025-08-05,4
1352,46,122,2025-05-27,4
1353,46,123,2025-06-14,Незачет
1354,46,124,2025-10-14,Незачет
1355,46,125,2025-09-12,4
1356,46,126,2026-02-09,3
1357,46,127,2025-11-06,3
1358,46,128,2025-06-15,Зачет
1359,46,129,2026-01-26,Зачет
1360,46,130,2026-03-02,5
1361,46,131,2025-06-29,4
1362,46,132,2025-05-09,3
1363,46,133,2025-12-06,Зачет
1364,46,134,2026-05-02,Незачет
1365,46,135,2025-07-07,4
1366,46,136,2025-10-12,Незачет
1367,46,137,2026-01-15,5
1368,46,138,2026-05-05,5
1369,46,139,2026-04-14,5
1370,46,140,2026-04-13,2
1371,46,141,2025-11-07,3
1372,46,142,2025-11-08,Незачет
1373,46,143,2026-01-14,3
1374,46,144,2025-07-23,Незачет
1375,46,145,2026-02-24,Незачет
1376,46,146,2025-08-26,Незачет
1377,46,147,2025-09-08,Зачет
1378,46,148,2025-08-25,Зачет
1379,46,149,2026-01-12,4
1380,46,150,2025-05-29,Зачет
1381,47,121,2026-04-24,5
1382,47,122,2026-03-01,3
1383,47,123,2025-06-10,Незачет
1384,47,124,2026-01-15,Зачет
1385,47,125,2025-12-15,4
1386,47,126,2025-08-05,2
1387,47,127,2025-11-30,3
1388,47,128,2026-02-17,Незачет
1389,47,129,2026-02-11,Зачет
1390,47,130,2026-04-02,4
1391,47,131,2026-05-05,5
1392,47,132,2025-05-21,4
1393,47,133,2026-04-26,Незачет
1394,47,134,2026-04-29,Незачет
1395,47,135,2025-07-13,4
1396,47,136,2025-10-16,Незачет
1397,47,137,2026-04-14,2
1398,47,138,2026-03-28,5
1399,47,139,2025-07-14,2
1400,47,140,2026-05-04,2
1401,47,141,2026-04-29,5
1402,47,142,2025-05-21,Зачет
1403,47,143,2026-03-27,2
1404,47,144,2025-10-08,Незачет
1405,47,145,2026-03-09,Незачет
1406,47,146,2025-11-15,Незачет
1407,47,147,2025-07-18,Зачет
1408,47,148,2026-05-05,Зачет
1409,47,149,2026-02-21,3
1410,47,150,2026-04-10,Зачет
1411,48,121,2026-05-01,4
1412,48,122,2025-08-27,5
1413,48,123,2026-04-12,Незачет
1414,48,124,2025-05-21,Зачет
1415,48,125,2025-05-10,4
1416,48,126,2025-08-30,3
1417,48,127,2025-12-13,2
1418,48,128,2025-12-27,Незачет
1419,48,129,2025-06-17,Незачет
1420,48,130,2026-05-02,3
1421,48,131,2025-09-14,4
1422,48,132,2025-08-25,2
1423,48,133,2025-10-30,Зачет
1424,48,134,2026-01-11,Незачет
1425,48,135,2025-12-03,4
1426,48,136,2025-11-26,Зачет
1427,48,137,2025-11-14,3
1428,48,138,2026-04-17,3
1429,48,139,2026-05-06,5
1430,48,140,2025-06-28,2
1431,48,141,2026-04-02,3
1432,48,142,2025-11-18,Незачет
1433,48,143,2025-11-04,5
1434,48,144,2025-08-20,Незачет
1435,48,145,2025-07-20,Незачет
1436,48,146,2026-03-17,Незачет
1437,48,147,2025-06-19,Незачет
1438,48,148,2025-09-12,Зачет
1439,48,149,2025-07-09,2
1440,48,150,2026-02-14,Зачет
1441,49,121,2025-11-01,4
1442,49,122,2026-01-13,2
1443,49,123,2025-08-14,Незачет
1444,49,124,2026-02-10,Зачет
1445,49,125,2025-07-18,2
1446,49,126,2025-05-12,2
1447,49,127,2026-02-17,3
1448,49,128,2025-09-14,Зачет
1449,49,129,2026-03-10,Незачет
1450,49,130,2025-08-29,4
1451,49,131,2025-12-13,3
1452,49,132,2026-01-23,2
1453,49,133,2026-02-25,Незачет
1454,49,134,2025-07-21,Незачет
1455,49,135,2025-07-14,3
1456,49,136,2025-12-30,Зачет
1457,49,137,2026-04-04,2
1458,49,138,2026-01-10,4
1459,49,139,2026-04-20,4
1460,49,140,2025-10-11,5
1461,49,141,2026-03-24,4
1462,49,142,2025-10-20,Незачет
1463,49,143,2025-11-23,3
1464,49,144,2025-09-11,Незачет
1465,49,145,2025-06-09,Незачет
1466,49,146,2025-10-09,Незачет
1467,49,147,2026-01-21,Зачет
1468,49,148,2025-06-13,Зачет
1469,49,149,2025-07-17,5
1470,49,150,2025-06-30,Зачет
1471,50,121,2025-11-08,3
1472,50,122,2025-09-09,3
1473,50,123,2026-05-05,Зачет
1474,50,124,2025-08-11,Зачет
1475,50,125,2025-05-09,2
1476,50,126,2025-08-16,3
1477,50,127,2025-10-02,2
1478,50,128,2025-08-06,Незачет
1479,50,129,2025-10-27,Зачет
1480,50,130,2026-02-23,5
1481,50,131,2025-08-18,4
1482,50,132,2025-09-12,2
1483,50,133,2025-09-01,Зачет
1484,50,134,2025-12-19,Зачет
1485,50,135,2026-02-11,2
1486,50,136,2025-12-15,Зачет
1487,50,137,2025-05-11,2
1488,50,138,2025-08-16,5
1489,50,139,2026-01-15,5
1490,50,140,2025-09-23,5
1491,50,141,2026-01-31,2
1492,50,142,2025-08-06,Незачет
1493,50,143,2025-05-31,5
1494,50,144,2026-01-21,Зачет
1495,50,145,2025-06-21,Зачет
1496,50,146,2025-11-03,Зачет
1497,50,147,2025-09-03,Незачет
1498,50,148,2025-07-08,Незачет
1499,50,149,2025-10-11,2
1500,50,150,2026-01-28,Незачет
1501,51,61,2025-11-18,Зачет
1502,51,62,2026-04-30,Незачет
1503,51,63,2026-04-19,Зачет
1504,51,64,2026-04-16,2
1505,51,65,2026-02-04,Незачет
1506,51,66,2026-03-01,Зачет
1507,51,67,2025-09-04,2
1508,51,68,2026-01-30,5
1509,51,69,2025-06-21,Зачет
1510,51,70,2026-01-10,Зачет
1511,51,71,2026-04-27,Незачет
1512,51,72,2026-05-07,Зачет
1513,51,73,2025-08-29,Незачет
1514,51,74,2025-09-26,5
1515,51,75,2025-12-31,4
1516,51,76,2025-07-31,Зачет
1517,51,77,2025-07-31,Зачет
1518,51,78,2025-06-27,Незачет
1519,51,79,2025-11-08,Зачет
1520,51,80,2025-07-05,5
1521,51,81,2025-10-30,Незачет
1522,51,82,2026-02-21,3
1523,51,83,2025-12-28,2
1524,51,84,2025-09-29,Зачет
1525,51,85,2025-10-15,2
1526,51,86,2026-02-03,Зачет
1527,51,87,2025-12-06,5
1528,51,88,2026-04-26,3
1529,51,89,2025-11-05,2
1530,51,90,2026-02-25,2
1531,52,61,2025-12-01,Зачет
1532,52,62,2026-03-14,Незачет
1533,52,63,2026-01-19,Зачет
1534,52,64,2026-03-23,5
1535,52,65,2025-07-30,Незачет
1536,52,66,2026-02-26,Незачет
1537,52,67,2025-08-11,5
1538,52,68,2026-01-26,2
1539,52,69,2026-02-24,Зачет
1540,52,70,2025-12-24,Зачет
1541,52,71,2026-04-11,Зачет
1542,52,72,2026-03-08,Незачет
1543,52,73,2025-06-07,Незачет
1544,52,74,2025-11-27,4
1545,52,75,2025-10-27,5
1546,52,76,2025-11-28,Зачет
1547,52,77,2026-02-04,Зачет
1548,52,78,2025-09-24,Зачет
1549,52,79,2025-06-06,Зачет
1550,52,80,2026-04-28,3
1551,52,81,2025-12-12,Зачет
1552,52,82,2025-06-19,4
1553,52,83,2025-05-30,4
1554,52,84,2026-03-24,Незачет
1555,52,85,2025-12-05,4
1556,52,86,2026-04-22,Зачет
1557,52,87,2025-11-19,4
1558,52,88,2025-07-24,4
1559,52,89,2025-12-15,3
1560,52,90,2025-12-01,2
1561,53,61,2025-07-04,Незачет
1562,53,62,2025-07-09,Незачет
1563,53,63,2025-09-11,Незачет
1564,53,64,2026-04-03,4
1565,53,65,2025-11-25,Незачет
1566,53,66,2025-10-25,Незачет
1567,53,67,2025-06-21,5
1568,53,68,2026-01-26,3
1569,53,69,2025-07-25,Зачет
1570,53,70,2026-02-09,Зачет
1571,53,71,2025-12-19,Зачет
1572,53,72,2025-11-12,Зачет
1573,53,73,2025-06-11,Зачет
1574,53,74,2026-04-21,5
1575,53,75,2025-11-21,5
1576,53,76,2025-10-27,Незачет
1577,53,77,2026-03-17,Зачет
1578,53,78,2025-05-28,Незачет
1579,53,79,2025-10-30,Незачет
1580,53,80,2025-06-27,2
1581,53,81,2025-11-22,Зачет
1582,53,82,2025-10-15,5
1583,53,83,2025-10-31,5
1584,53,84,2025-12-12,Зачет
1585,53,85,2025-05-29,5
1586,53,86,2025-12-10,Незачет
1587,53,87,2025-11-02,2
1588,53,88,2026-01-23,2
1589,53,89,2026-03-16,4
1590,53,90,2025-09-03,4
1591,54,61,2026-02-11,Зачет
1592,54,62,2025-05-15,Зачет
1593,54,63,2025-10-07,Незачет
1594,54,64,2025-08-13,2
1595,54,65,2026-03-20,Незачет
1596,54,66,2025-05-08,Зачет
1597,54,67,2026-02-20,5
1598,54,68,2025-07-30,4
1599,54,69,2025-12-17,Незачет
1600,54,70,2025-06-04,Зачет
1601,54,71,2025-05-24,Зачет
1602,54,72,2025-10-18,Зачет
1603,54,73,2025-09-17,Зачет
1604,54,74,2026-02-03,5
1605,54,75,2025-05-31,5
1606,54,76,2025-12-03,Зачет
1607,54,77,2025-05-30,Зачет
1608,54,78,2026-05-04,Незачет
1609,54,79,2026-04-19,Незачет
1610,54,80,2025-06-02,3
1611,54,81,2026-05-04,Незачет
1612,54,82,2025-11-06,4
1613,54,83,2025-05-19,2
1614,54,84,2025-08-26,Зачет
1615,54,85,2025-10-12,5
1616,54,86,2025-07-15,Незачет
1617,54,87,2026-03-01,3
1618,54,88,2025-06-28,2
1619,54,89,2026-02-28,5
1620,54,90,2026-01-11,5
1621,55,61,2026-02-14,Незачет
1622,55,62,2026-01-12,Зачет
1623,55,63,2025-10-17,Незачет
1624,55,64,2025-09-29,5
1625,55,65,2026-04-18,Незачет
1626,55,66,2025-10-02,Зачет
1627,55,67,2025-10-28,5
1628,55,68,2026-04-09,2
1629,55,69,2026-04-28,Зачет
1630,55,70,2026-04-24,Незачет
1631,55,71,2025-09-30,Незачет
1632,55,72,2025-09-29,Зачет
1633,55,73,2025-06-07,Зачет
1634,55,74,2026-01-27,2
1635,55,75,2026-01-19,4
1636,55,76,2026-04-11,Зачет
1637,55,77,2025-12-02,Незачет
1638,55,78,2025-06-27,Незачет
1639,55,79,2026-01-15,Незачет
1640,55,80,2026-04-06,2
1641,55,81,2025-09-19,Зачет
1642,55,82,2025-06-22,5
1643,55,83,2025-07-15,4
1644,55,84,2025-12-01,Незачет
1645,55,85,2025-10-06,4
1646,55,86,2025-11-28,Незачет
1647,55,87,2025-06-25,2
1648,55,88,2026-02-13,2
1649,55,89,2025-08-01,3
1650,55,90,2026-03-27,2
1651,56,61,2025-05-08,Незачет
1652,56,62,2026-02-24,Незачет
1653,56,63,2025-05-15,Незачет
1654,56,64,2025-08-30,4
1655,56,65,2025-11-02,Зачет
1656,56,66,2026-01-23,Зачет
1657,56,67,2026-02-10,3
1658,56,68,2025-12-04,5
1659,56,69,2025-10-18,Зачет
1660,56,70,2025-11-29,Незачет
1661,56,71,2025-10-01,Зачет
1662,56,72,2026-03-22,Незачет
1663,56,73,2025-08-04,Зачет
1664,56,74,2025-08-11,3
1665,56,75,2025-11-01,2
1666,56,76,2025-09-18,Незачет
1667,56,77,2025-07-06,Зачет
1668,56,78,2025-08-22,Незачет
1669,56,79,2025-07-19,Зачет
1670,56,80,2026-05-06,4
1671,56,81,2026-04-11,Зачет
1672,56,82,2026-02-12,5
1673,56,83,2026-02-28,2
1674,56,84,2025-06-19,Зачет
1675,56,85,2025-05-19,5
1676,56,86,2026-03-17,Незачет
1677,56,87,2026-01-18,3
1678,56,88,2025-10-16,5
1679,56,89,2025-12-31,2
1680,56,90,2026-02-28,2
1681,57,61,2026-05-05,Незачет
1682,57,62,2026-04-15,Незачет
1683,57,63,2026-04-17,Зачет
1684,57,64,2025-05-13,3
1685,57,65,2025-08-08,Зачет
1686,57,66,2025-07-26,Зачет
1687,57,67,2025-06-02,5
1688,57,68,2025-06-15,4
1689,57,69,2025-12-23,Незачет
1690,57,70,2025-05-20,Незачет
1691,57,71,2025-10-27,Зачет
1692,57,72,2025-12-25,Незачет
1693,57,73,2026-01-22,Незачет
1694,57,74,2026-02-04,4
1695,57,75,2026-04-10,4
1696,57,76,2025-05-25,Незачет
1697,57,77,2025-08-10,Зачет
1698,57,78,2026-02-18,Зачет
1699,57,79,2025-05-24,Незачет
1700,57,80,2025-10-10,4
1701,57,81,2025-10-24,Незачет
1702,57,82,2025-08-06,3
1703,57,83,2025-12-02,3
1704,57,84,2025-07-30,Зачет
1705,57,85,2026-02-23,4
1706,57,86,2026-04-07,Незачет
1707,57,87,2026-03-04,3
1708,57,88,2025-05-28,3
1709,57,89,2025-06-30,4
1710,57,90,2025-11-18,2
1711,58,61,2025-08-27,Незачет
1712,58,62,2025-08-05,Незачет
1713,58,63,2026-03-19,Незачет
1714,58,64,2026-04-27,4
1715,58,65,2026-02-15,Незачет
1716,58,66,2025-12-16,Зачет
1717,58,67,2025-09-07,2
1718,58,68,2025-12-17,2
1719,58,69,2025-12-25,Незачет
1720,58,70,2026-03-03,Зачет
1721,58,71,2026-01-23,Зачет
1722,58,72,2026-03-20,Зачет
1723,58,73,2025-09-08,Зачет
1724,58,74,2025-08-07,4
1725,58,75,2025-09-01,3
1726,58,76,2026-04-12,Незачет
1727,58,77,2025-07-01,Незачет
1728,58,78,2026-01-18,Зачет
1729,58,79,2025-11-25,Зачет
1730,58,80,2025-07-31,4
1731,58,81,2025-10-14,Зачет
1732,58,82,2025-08-31,2
1733,58,83,2025-08-21,4
1734,58,84,2025-05-30,Незачет
1735,58,85,2025-12-09,2
1736,58,86,2025-12-22,Зачет
1737,58,87,2026-04-13,5
1738,58,88,2026-02-16,3
1739,58,89,2026-04-26,4
1740,58,90,2025-07-14,2
1741,59,61,2026-01-05,Незачет
1742,59,62,2026-01-25,Незачет
1743,59,63,2025-10-19,Незачет
1744,59,64,2025-12-08,4
1745,59,65,2025-11-15,Зачет
1746,59,66,2025-05-25,Зачет
1747,59,67,2025-09-17,4
1748,59,68,2026-05-07,3
1749,59,69,2026-01-11,Незачет
1750,59,70,2026-01-22,Зачет
1751,59,71,2025-10-02,Незачет
1752,59,72,2026-03-08,Зачет
1753,59,73,2025-11-26,Зачет
1754,59,74,2025-09-07,4
1755,59,75,2026-02-01,5
1756,59,76,2025-10-15,Зачет
1757,59,77,2025-10-12,Зачет
1758,59,78,2025-07-03,Зачет
1759,59,79,2025-08-31,Зачет
1760,59,80,2025-09-30,2
1761,59,81,2025-07-17,Незачет
1762,59,82,2026-02-23,2
1763,59,83,2025-12-01,5
1764,59,84,2025-11-06,Незачет
1765,59,85,2025-08-08,4
1766,59,86,2026-04-01,Зачет
1767,59,87,2025-08-02,3
1768,59,88,2025-08-31,4
1769,59,89,2026-04-05,2
1770,59,90,2026-02-05,4
1771,60,61,2025-07-02,Незачет
1772,60,62,2026-03-15,Зачет
1773,60,63,2025-11-02,Зачет
1774,60,64,2026-04-27,3
1775,60,65,2025-05-29,Незачет
1776,60,66,2025-12-11,Зачет
1777,60,67,2025-10-14,4
1778,60,68,2025-10-15,5
1779,60,69,2025-12-09,Незачет
1780,60,70,2025-11-28,Зачет
1781,60,71,2025-06-28,Незачет
1782,60,72,2025-10-04,Зачет
1783,60,73,2025-08-09,Зачет
1784,60,74,2025-08-14,2
1785,60,75,2025-07-24,3
1786,60,76,2025-09-12,Незачет
1787,60,77,2026-01-13,Незачет
1788,60,78,2025-06-06,Зачет
1789,60,79,2026-04-30,Незачет
1790,60,80,2025-10-28,3
1791,60,81,2026-03-31,Зачет
1792,60,82,2025-09-28,4
1793,60,83,2025-06-11,4
1794,60,84,2025-12-01,Незачет
1795,60,85,2026-02-12,4
1796,60,86,2026-03-25,Зачет
1797,60,87,2025-07-19,5
1798,60,88,2025-05-27,2
1799,60,89,2025-08-19,2
1800,60,90,2025-09-30,4
1801,61,61,2026-01-23,Незачет
1802,61,62,2025-12-27,Зачет
1803,61,63,2025-12-27,Зачет
1804,61,64,2025-05-22,2
1805,61,65,2026-04-11,Незачет
1806,61,66,2025-06-04,Незачет
1807,61,67,2025-07-19,2
1808,61,68,2026-03-15,5
1809,61,69,2026-02-26,Незачет
1810,61,70,2025-12-21,Незачет
1811,61,71,2026-02-12,Зачет
1812,61,72,2026-01-22,Незачет
1813,61,73,2025-12-10,Незачет
1814,61,74,2025-07-30,5
1815,61,75,2025-11-09,2
1816,61,76,2025-07-27,Незачет
1817,61,77,2026-04-09,Зачет
1818,61,78,2026-04-24,Незачет
1819,61,79,2025-09-13,Зачет
1820,61,80,2025-09-01,2
1821,61,81,2026-04-25,Зачет
1822,61,82,2025-05-12,2
1823,61,83,2025-07-28,2
1824,61,84,2026-05-05,Зачет
1825,61,85,2025-07-19,3
1826,61,86,2026-02-18,Незачет
1827,61,87,2025-06-21,2
1828,61,88,2026-02-21,3
1829,61,89,2026-02-23,5
1830,61,90,2025-11-08,2
1831,62,61,2026-04-27,Зачет
1832,62,62,2025-08-09,Зачет
1833,62,63,2026-02-01,Незачет
1834,62,64,2025-12-27,4
1835,62,65,2026-02-04,Зачет
1836,62,66,2025-07-25,Зачет
1837,62,67,2025-10-08,2
1838,62,68,2026-04-27,2
1839,62,69,2025-08-07,Зачет
1840,62,70,2025-12-07,Незачет
1841,62,71,2025-09-08,Зачет
1842,62,72,2026-03-04,Зачет
1843,62,73,2025-08-24,Незачет
1844,62,74,2025-10-01,5
1845,62,75,2025-11-04,5
1846,62,76,2025-11-30,Незачет
1847,62,77,2026-01-13,Незачет
1848,62,78,2025-09-23,Незачет
1849,62,79,2025-09-03,Незачет
1850,62,80,2025-08-16,2
1851,62,81,2025-09-23,Незачет
1852,62,82,2025-11-22,2
1853,62,83,2026-04-14,2
1854,62,84,2025-11-16,Зачет
1855,62,85,2025-11-03,2
1856,62,86,2025-06-14,Зачет
1857,62,87,2026-03-14,4
1858,62,88,2026-02-11,2
1859,62,89,2025-11-05,4
1860,62,90,2026-02-26,4
1861,63,61,2026-03-29,Зачет
1862,63,62,2025-09-08,Незачет
1863,63,63,2026-04-27,Незачет
1864,63,64,2025-07-24,5
1865,63,65,2025-09-27,Незачет
1866,63,66,2025-09-05,Зачет
1867,63,67,2025-10-14,5
1868,63,68,2025-05-24,3
1869,63,69,2025-12-11,Зачет
1870,63,70,2026-04-07,Зачет
1871,63,71,2025-07-31,Незачет
1872,63,72,2026-02-18,Незачет
1873,63,73,2025-07-02,Зачет
1874,63,74,2025-05-13,4
1875,63,75,2025-08-16,4
1876,63,76,2025-12-07,Зачет
1877,63,77,2026-05-05,Зачет
1878,63,78,2025-12-19,Зачет
1879,63,79,2025-12-17,Зачет
1880,63,80,2026-02-10,2
1881,63,81,2025-10-16,Незачет
1882,63,82,2025-08-29,2
1883,63,83,2025-07-05,4
1884,63,84,2025-07-22,Зачет
1885,63,85,2025-09-12,4
1886,63,86,2025-08-04,Зачет
1887,63,87,2025-10-01,5
1888,63,88,2025-12-14,3
1889,63,89,2026-03-26,3
1890,63,90,2025-08-10,3
1891,64,61,2025-11-16,Зачет
1892,64,62,2025-12-06,Незачет
1893,64,63,2026-01-16,Зачет
1894,64,64,2026-01-27,2
1895,64,65,2025-09-15,Зачет
1896,64,66,2025-08-14,Зачет
1897,64,67,2026-02-27,5
1898,64,68,2026-03-22,2
1899,64,69,2025-11-12,Незачет
1900,64,70,2026-02-12,Зачет
1901,64,71,2026-01-11,Незачет
1902,64,72,2026-02-18,Зачет
1903,64,73,2025-11-13,Зачет
1904,64,74,2025-11-01,5
1905,64,75,2025-07-11,4
1906,64,76,2026-02-15,Незачет
1907,64,77,2026-03-11,Зачет
1908,64,78,2025-09-20,Зачет
1909,64,79,2025-07-11,Зачет
1910,64,80,2025-06-30,4
1911,64,81,2026-02-10,Зачет
1912,64,82,2025-12-05,3
1913,64,83,2025-11-12,4
1914,64,84,2025-07-17,Незачет
1915,64,85,2026-04-28,5
1916,64,86,2026-04-17,Незачет
1917,64,87,2025-12-03,4
1918,64,88,2026-01-11,3
1919,64,89,2025-05-29,4
1920,64,90,2025-11-26,4
1921,65,61,2025-05-20,Незачет
1922,65,62,2026-03-28,Зачет
1923,65,63,2026-03-31,Зачет
1924,65,64,2025-06-04,4
1925,65,65,2026-03-20,Зачет
1926,65,66,2026-01-21,Зачет
1927,65,67,2025-05-25,5
1928,65,68,2026-02-27,4
1929,65,69,2025-05-09,Незачет
1930,65,70,2025-10-14,Зачет
1931,65,71,2025-06-29,Незачет
1932,65,72,2026-03-30,Незачет
1933,65,73,2026-01-06,Незачет
1934,65,74,2025-08-04,5
1935,65,75,2025-06-02,4
1936,65,76,2026-02-05,Незачет
1937,65,77,2025-07-04,Незачет
1938,65,78,2025-05-10,Зачет
1939,65,79,2025-07-30,Зачет
1940,65,80,2025-11-19,2
1941,65,81,2025-10-31,Незачет
1942,65,82,2025-09-28,3
1943,65,83,2025-05-30,3
1944,65,84,2026-01-01,Незачет
1945,65,85,2026-01-09,2
1946,65,86,2026-01-20,Зачет
1947,65,87,2026-05-04,2
1948,65,88,2026-01-01,2
1949,65,89,2026-04-26,5
1950,65,90,2025-11-10,3
1951,66,61,2026-01-18,Зачет
1952,66,62,2025-11-12,Незачет
1953,66,63,2025-05-13,Незачет
1954,66,64,2025-05-09,3
1955,66,65,2025-11-29,Незачет
1956,66,66,2025-12-07,Незачет
1957,66,67,2025-10-13,3
1958,66,68,2025-05-11,4
1959,66,69,2025-05-13,Зачет
1960,66,70,2025-11-28,Незачет
1961,66,71,2026-02-11,Зачет
1962,66,72,2025-08-21,Незачет
1963,66,73,2025-12-01,Незачет
1964,66,74,2025-08-26,2
1965,66,75,2025-05-13,3
1966,66,76,2025-11-18,Зачет
1967,66,77,2026-03-18,Зачет
1968,66,78,2026-02-02,Незачет
1969,66,79,2026-01-23,Зачет
1970,66,80,2025-10-21,3
1971,66,81,2026-03-16,Зачет
1972,66,82,2026-05-06,5
1973,66,83,2026-04-25,4
1974,66,84,2025-07-15,Зачет
1975,66,85,2025-06-17,3
1976,66,86,2026-04-28,Незачет
1977,66,87,2025-06-13,3
1978,66,88,2025-11-26,2
1979,66,89,2025-07-03,4
1980,66,90,2025-08-08,4
1981,67,61,2025-07-20,Зачет
1982,67,62,2026-01-02,Зачет
1983,67,63,2025-11-27,Зачет
1984,67,64,2025-08-13,4
1985,67,65,2026-03-19,Незачет
1986,67,66,2025-09-21,Незачет
1987,67,67,2025-08-18,5
1988,67,68,2026-03-11,2
1989,67,69,2025-10-08,Зачет
1990,67,70,2025-06-06,Незачет
1991,67,71,2025-09-28,Зачет
1992,67,72,2025-10-11,Незачет
1993,67,73,2025-11-01,Незачет
1994,67,74,2025-12-12,3
1995,67,75,2025-08-09,5
1996,67,76,2026-02-01,Незачет
1997,67,77,2025-08-02,Незачет
1998,67,78,2025-08-31,Зачет
1999,67,79,2026-01-27,Незачет
2000,67,80,2026-03-24,5
2001,67,81,2026-04-01,Зачет
2002,67,82,2025-06-07,5
2003,67,83,2026-01-15,4
2004,67,84,2026-04-05,Незачет
2005,67,85,2026-01-14,5
2006,67,86,2026-02-25,Незачет
2007,67,87,2025-05-19,2
2008,67,88,2025-06-12,3
2009,67,89,2025-10-11,5
2010,67,90,2025-10-01,3
2011,68,61,2025-09-30,Зачет
2012,68,62,2025-12-07,Зачет
2013,68,63,2025-11-07,Незачет
2014,68,64,2025-05-28,3
2015,68,65,2026-01-09,Зачет
2016,68,66,2025-05-10,Зачет
2017,68,67,2026-02-03,3
2018,68,68,2025-07-12,4
2019,68,69,2025-06-08,Зачет
2020,68,70,2025-11-17,Зачет
2021,68,71,2026-03-31,Незачет
2022,68,72,2025-10-22,Незачет
2023,68,73,2026-01-12,Зачет
2024,68,74,2026-03-07,5
2025,68,75,2025-09-12,5
2026,68,76,2025-12-12,Незачет
2027,68,77,2026-04-05,Зачет
2028,68,78,2025-06-13,Зачет
2029,68,79,2026-04-19,Незачет
2030,68,80,2025-11-28,2
2031,68,81,2026-04-28,Зачет
2032,68,82,2025-05-23,2
2033,68,83,2025-08-04,3
2034,68,84,2025-07-28,Зачет
2035,68,85,2026-04-22,3
2036,68,86,2026-04-09,Зачет
2037,68,87,2026-01-30,3
2038,68,88,2026-04-16,2
2039,68,89,2025-12-13,3
2040,68,90,2025-11-07,4
2041,69,61,2025-08-20,Зачет
2042,69,62,2025-05-25,Незачет
2043,69,63,2026-04-30,Зачет
2044,69,64,2025-06-04,4
2045,69,65,2026-01-27,Зачет
2046,69,66,2026-05-01,Зачет
2047,69,67,2025-08-23,5
2048,69,68,2026-04-21,5
2049,69,69,2025-12-03,Незачет
2050,69,70,2025-12-11,Зачет
2051,69,71,2026-01-17,Зачет
2052,69,72,2025-05-19,Незачет
2053,69,73,2025-07-15,Зачет
2054,69,74,2026-05-02,3
2055,69,75,2026-04-02,4
2056,69,76,2025-09-06,Зачет
2057,69,77,2025-05-13,Незачет
2058,69,78,2025-07-26,Незачет
2059,69,79,2025-12-20,Зачет
2060,69,80,2025-07-01,3
2061,69,81,2026-02-23,Незачет
2062,69,82,2026-03-21,5
2063,69,83,2026-02-07,3
2064,69,84,2026-03-21,Зачет
2065,69,85,2025-10-08,2
2066,69,86,2026-05-02,Зачет
2067,69,87,2025-06-05,5
2068,69,88,2025-08-31,3
2069,69,89,2025-07-09,2
2070,69,90,2025-12-12,3
2071,70,61,2025-08-08,Незачет
2072,70,62,2025-12-13,Зачет
2073,70,63,2026-03-27,Зачет
2074,70,64,2026-04-01,2
2075,70,65,2025-10-05,Незачет
2076,70,66,2026-01-24,Зачет
2077,70,67,2026-04-20,2
2078,70,68,2025-12-02,5
2079,70,69,2025-09-12,Незачет
2080,70,70,2025-10-03,Незачет
2081,70,71,2026-02-24,Зачет
2082,70,72,2026-02-18,Незачет
2083,70,73,2025-06-30,Зачет
2084,70,74,2026-03-09,5
2085,70,75,2026-01-29,5
2086,70,76,2026-02-12,Незачет
2087,70,77,2025-06-06,Зачет
2088,70,78,2025-11-17,Незачет
2089,70,79,2026-02-20,Зачет
2090,70,80,2025-09-18,4
2091,70,81,2025-05-27,Незачет
2092,70,82,2025-06-13,3
2093,70,83,2025-10-23,2
2094,70,84,2025-08-05,Незачет
2095,70,85,2026-03-28,5
2096,70,86,2025-06-05,Незачет
2097,70,87,2025-09-16,3
2098,70,88,2025-12-28,2
2099,70,89,2026-03-01,2
2100,70,90,2025-12-31,2
2101,71,61,2025-12-24,Зачет
2102,71,62,2025-10-08,Незачет
2103,71,63,2026-03-03,Зачет
2104,71,64,2025-09-10,4
2105,71,65,2025-05-18,Незачет
2106,71,66,2026-01-08,Незачет
2107,71,67,2025-08-21,2
2108,71,68,2026-03-07,3
2109,71,69,2025-10-28,Незачет
2110,71,70,2025-11-13,Незачет
2111,71,71,2025-08-03,Незачет
2112,71,72,2025-09-22,Незачет
2113,71,73,2025-12-07,Незачет
2114,71,74,2026-05-07,4
2115,71,75,2025-09-29,5
2116,71,76,2025-10-21,Зачет
2117,71,77,2025-07-18,Незачет
2118,71,78,2026-01-25,Незачет
2119,71,79,2025-12-20,Зачет
2120,71,80,2026-01-18,4
2121,71,81,2025-10-01,Незачет
2122,71,82,2025-06-09,4
2123,71,83,2026-03-02,4
2124,71,84,2026-01-02,Незачет
2125,71,85,2025-08-29,5
2126,71,86,2026-03-12,Зачет
2127,71,87,2025-08-10,2
2128,71,88,2026-02-07,3
2129,71,89,2025-06-04,5
2130,71,90,2025-06-07,3
2131,72,61,2025-08-19,Зачет
2132,72,62,2025-07-05,Зачет
2133,72,63,2025-10-01,Незачет
2134,72,64,2026-02-07,4
2135,72,65,2026-03-07,Зачет
2136,72,66,2026-01-08,Зачет
2137,72,67,2025-07-05,5
2138,72,68,2026-02-18,2
2139,72,69,2025-10-05,Зачет
2140,72,70,2025-09-06,Зачет
2141,72,71,2025-09-24,Незачет
2142,72,72,2025-06-17,Незачет
2143,72,73,2025-06-11,Зачет
2144,72,74,2025-05-09,2
2145,72,75,2025-09-03,4
2146,72,76,2025-10-26,Зачет
2147,72,77,2025-09-23,Незачет
2148,72,78,2026-02-26,Зачет
2149,72,79,2025-08-19,Зачет
2150,72,80,2025-06-15,5
2151,72,81,2025-06-27,Незачет
2152,72,82,2025-06-09,4
2153,72,83,2025-07-18,2
2154,72,84,2025-10-21,Зачет
2155,72,85,2025-10-28,5
2156,72,86,2025-12-09,Незачет
2157,72,87,2025-12-08,2
2158,72,88,2025-11-22,3
2159,72,89,2025-10-12,4
2160,72,90,2025-06-16,3
2161,73,61,2025-05-17,Зачет
2162,73,62,2025-06-10,Зачет
2163,73,63,2025-09-21,Зачет
2164,73,64,2025-12-08,2
2165,73,65,2025-06-12,Незачет
2166,73,66,2025-12-24,Зачет
2167,73,67,2025-12-25,2
2168,73,68,2026-03-07,3
2169,73,69,2025-09-09,Зачет
2170,73,70,2026-04-07,Незачет
2171,73,71,2025-10-03,Незачет
2172,73,72,2025-05-11,Незачет
2173,73,73,2025-08-28,Незачет
2174,73,74,2025-10-14,5
2175,73,75,2025-10-04,3
2176,73,76,2026-03-05,Зачет
2177,73,77,2025-06-08,Зачет
2178,73,78,2026-02-12,Зачет
2179,73,79,2026-04-21,Незачет
2180,73,80,2025-12-10,4
2181,73,81,2026-04-23,Незачет
2182,73,82,2025-08-09,4
2183,73,83,2025-12-15,3
2184,73,84,2025-11-25,Зачет
2185,73,85,2025-07-11,5
2186,73,86,2026-01-28,Незачет
2187,73,87,2025-10-01,2
2188,73,88,2025-07-11,4
2189,73,89,2025-06-29,3
2190,73,90,2025-08-19,5
2191,74,61,2025-08-31,Зачет
2192,74,62,2025-08-19,Зачет
2193,74,63,2025-11-14,Незачет
2194,74,64,2025-07-02,4
2195,74,65,2025-05-31,Зачет
2196,74,66,2025-07-10,Незачет
2197,74,67,2025-10-22,4
2198,74,68,2025-08-22,5
2199,74,69,2025-10-17,Незачет
2200,74,70,2025-08-31,Незачет
2201,74,71,2025-11-11,Зачет
2202,74,72,2026-03-06,Незачет
2203,74,73,2025-06-05,Незачет
2204,74,74,2025-09-24,5
2205,74,75,2025-08-12,2
2206,74,76,2025-08-10,Незачет
2207,74,77,2026-02-10,Зачет
2208,74,78,2026-01-04,Незачет
2209,74,79,2025-11-15,Зачет
2210,74,80,2025-12-23,5
2211,74,81,2026-01-01,Зачет
2212,74,82,2025-07-21,3
2213,74,83,2025-10-31,4
2214,74,84,2025-06-17,Незачет
2215,74,85,2025-06-28,4
2216,74,86,2025-09-02,Зачет
2217,74,87,2025-05-09,4
2218,74,88,2025-10-07,3
2219,74,89,2025-09-13,4
2220,74,90,2026-03-29,2
2221,75,61,2026-01-02,Незачет
2222,75,62,2025-10-01,Незачет
2223,75,63,2026-03-15,Зачет
2224,75,64,2026-04-06,3
2225,75,65,2025-09-11,Незачет
2226,75,66,2025-10-24,Незачет
2227,75,67,2025-09-13,4
2228,75,68,2025-10-21,3
2229,75,69,2026-03-19,Незачет
2230,75,70,2026-03-22,Зачет
2231,75,71,2026-04-05,Зачет
2232,75,72,2026-01-14,Незачет
2233,75,73,2025-12-23,Зачет
2234,75,74,2025-06-28,3
2235,75,75,2025-08-31,3
2236,75,76,2025-09-08,Незачет
2237,75,77,2025-12-27,Зачет
2238,75,78,2026-02-01,Зачет
2239,75,79,2025-07-24,Зачет
2240,75,80,2025-11-09,3
2241,75,81,2025-09-06,Незачет
2242,75,82,2025-07-14,3
2243,75,83,2025-10-08,2
2244,75,84,2025-09-07,Зачет
2245,75,85,2025-08-28,2
2246,75,86,2026-02-16,Незачет
2247,75,87,2026-01-31,2
2248,75,88,2026-01-07,2
2249,75,89,2025-11-13,5
2250,75,90,2025-12-16,4
2251,76,31,2026-03-06,Незачет
2252,76,32,2025-08-09,Незачет
2253,76,33,2025-09-10,4
2254,76,34,2025-09-30,Незачет
2255,76,35,2025-08-23,3
2256,76,36,2026-03-20,Незачет
2257,76,37,2026-03-08,5
2258,76,38,2025-10-06,3
2259,76,39,2025-09-25,3
2260,76,40,2025-06-20,2
2261,76,41,2026-05-03,5
2262,76,42,2025-12-11,Незачет
2263,76,43,2025-07-23,2
2264,76,44,2025-12-22,Незачет
2265,76,45,2025-12-04,Незачет
2266,76,46,2025-07-15,Зачет
2267,76,47,2026-01-26,Незачет
2268,76,48,2026-03-01,Зачет
2269,76,49,2025-12-06,Незачет
2270,76,50,2025-05-17,Незачет
2271,76,51,2026-02-13,Зачет
2272,76,52,2025-11-02,Зачет
2273,76,53,2026-02-06,3
2274,76,54,2025-07-27,Незачет
2275,76,55,2025-10-24,Зачет
2276,76,56,2026-03-12,Незачет
2277,76,57,2025-08-28,Незачет
2278,76,58,2026-03-25,Незачет
2279,76,59,2026-01-31,Зачет
2280,76,60,2025-06-02,Незачет
2281,77,31,2026-03-21,Зачет
2282,77,32,2026-04-01,Незачет
2283,77,33,2026-03-12,5
2284,77,34,2026-03-11,Незачет
2285,77,35,2025-10-12,4
2286,77,36,2026-01-23,Зачет
2287,77,37,2025-11-16,5
2288,77,38,2025-06-30,5
2289,77,39,2026-01-07,3
2290,77,40,2025-09-01,5
2291,77,41,2025-08-08,4
2292,77,42,2025-08-13,Незачет
2293,77,43,2026-01-17,5
2294,77,44,2025-07-05,Незачет
2295,77,45,2026-02-08,Незачет
2296,77,46,2025-10-18,Зачет
2297,77,47,2026-03-09,Зачет
2298,77,48,2025-09-30,Зачет
2299,77,49,2025-06-04,Зачет
2300,77,50,2025-10-28,Незачет
2301,77,51,2025-12-25,Зачет
2302,77,52,2025-11-09,Незачет
2303,77,53,2025-12-19,5
2304,77,54,2025-10-09,Зачет
2305,77,55,2025-11-30,Зачет
2306,77,56,2025-11-19,Зачет
2307,77,57,2026-04-30,Незачет
2308,77,58,2026-04-29,Зачет
2309,77,59,2026-04-09,Зачет
2310,77,60,2026-01-30,Незачет
2311,78,31,2025-10-16,Незачет
2312,78,32,2025-12-04,Зачет
2313,78,33,2025-05-21,4
2314,78,34,2026-03-10,Незачет
2315,78,35,2025-09-23,4
2316,78,36,2026-02-03,Незачет
2317,78,37,2026-04-19,2
2318,78,38,2026-03-18,5
2319,78,39,2025-12-01,2
2320,78,40,2025-12-23,3
2321,78,41,2026-01-09,2
2322,78,42,2026-04-27,Зачет
2323,78,43,2025-06-09,4
2324,78,44,2025-06-18,Незачет
2325,78,45,2026-03-01,Зачет
2326,78,46,2025-08-11,Незачет
2327,78,47,2026-01-17,Незачет
2328,78,48,2026-01-20,Незачет
2329,78,49,2025-09-21,Незачет
2330,78,50,2025-07-10,Незачет
2331,78,51,2026-01-13,Незачет
2332,78,52,2025-12-30,Незачет
2333,78,53,2025-05-24,2
2334,78,54,2025-12-11,Незачет
2335,78,55,2026-01-12,Зачет
2336,78,56,2026-01-25,Незачет
2337,78,57,2026-01-13,Зачет
2338,78,58,2025-10-09,Зачет
2339,78,59,2026-02-23,Незачет
2340,78,60,2025-09-12,Незачет
2341,79,31,2026-03-12,Незачет
2342,79,32,2025-10-21,Незачет
2343,79,33,2025-06-17,5
2344,79,34,2025-05-11,Зачет
2345,79,35,2025-06-14,5
2346,79,36,2025-08-15,Незачет
2347,79,37,2025-08-01,5
2348,79,38,2025-11-21,3
2349,79,39,2026-02-21,3
2350,79,40,2025-11-24,4
2351,79,41,2025-12-09,5
2352,79,42,2025-12-18,Незачет
2353,79,43,2026-01-29,2
2354,79,44,2025-12-16,Зачет
2355,79,45,2025-07-31,Зачет
2356,79,46,2025-10-27,Незачет
2357,79,47,2025-09-29,Зачет
2358,79,48,2025-10-05,Незачет
2359,79,49,2025-11-02,Незачет
2360,79,50,2026-03-02,Незачет
2361,79,51,2026-01-25,Незачет
2362,79,52,2025-12-21,Незачет
2363,79,53,2026-01-30,4
2364,79,54,2025-11-17,Незачет
2365,79,55,2025-07-04,Незачет
2366,79,56,2025-09-17,Незачет
2367,79,57,2025-05-16,Незачет
2368,79,58,2025-11-10,Зачет
2369,79,59,2025-06-16,Зачет
2370,79,60,2025-08-29,Зачет
2371,80,31,2025-10-15,Зачет
2372,80,32,2026-04-29,Зачет
2373,80,33,2025-06-09,4
2374,80,34,2025-06-21,Зачет
2375,80,35,2026-03-25,3
2376,80,36,2026-05-07,Зачет
2377,80,37,2026-02-14,5
2378,80,38,2025-07-01,2
2379,80,39,2025-09-19,2
2380,80,40,2025-09-05,2
2381,80,41,2025-09-17,5
2382,80,42,2025-10-30,Зачет
2383,80,43,2026-03-07,2
2384,80,44,2025-07-26,Незачет
2385,80,45,2025-11-25,Зачет
2386,80,46,2025-11-10,Зачет
2387,80,47,2025-09-19,Незачет
2388,80,48,2025-11-07,Зачет
2389,80,49,2025-06-13,Зачет
2390,80,50,2025-10-24,Незачет
2391,80,51,2026-02-11,Незачет
2392,80,52,2026-02-01,Зачет
2393,80,53,2025-10-29,3
2394,80,54,2025-09-07,Незачет
2395,80,55,2025-06-02,Незачет
2396,80,56,2025-08-31,Зачет
2397,80,57,2025-05-24,Зачет
2398,80,58,2026-03-17,Зачет
2399,80,59,2026-02-07,Зачет
2400,80,60,2025-06-20,Зачет
2401,81,31,2025-05-15,Незачет
2402,81,32,2026-04-01,Незачет
2403,81,33,2025-09-17,5
2404,81,34,2026-01-13,Незачет
2405,81,35,2025-06-18,4
2406,81,36,2026-01-24,Незачет
2407,81,37,2026-03-13,3
2408,81,38,2025-07-09,3
2409,81,39,2026-05-03,5
2410,81,40,2026-02-18,5
2411,81,41,2025-08-09,4
2412,81,42,2025-11-23,Незачет
2413,81,43,2025-07-13,5
2414,81,44,2025-12-07,Зачет
2415,81,45,2025-07-08,Зачет
2416,81,46,2025-09-12,Незачет
2417,81,47,2025-12-10,Незачет
2418,81,48,2025-10-19,Незачет
2419,81,49,2025-11-02,Незачет
2420,81,50,2025-08-05,Незачет
2421,81,51,2026-03-12,Зачет
2422,81,52,2025-10-11,Незачет
2423,81,53,2026-01-06,2
2424,81,54,2025-07-17,Зачет
2425,81,55,2025-07-18,Зачет
2426,81,56,2026-01-10,Незачет
2427,81,57,2026-01-17,Незачет
2428,81,58,2025-10-21,Незачет
2429,81,59,2025-10-07,Зачет
2430,81,60,2025-05-18,Незачет
2431,82,31,2026-02-17,Незачет
2432,82,32,2025-12-31,Незачет
2433,82,33,2026-04-14,2
2434,82,34,2025-07-22,Незачет
2435,82,35,2025-10-28,4
2436,82,36,2025-12-22,Зачет
2437,82,37,2025-10-20,2
2438,82,38,2025-10-05,4
2439,82,39,2025-05-08,3
2440,82,40,2026-02-04,5
2441,82,41,2025-07-29,5
2442,82,42,2025-07-25,Незачет
2443,82,43,2025-08-23,3
2444,82,44,2026-02-23,Зачет
2445,82,45,2026-02-04,Незачет
2446,82,46,2026-03-17,Незачет
2447,82,47,2026-03-12,Зачет
2448,82,48,2025-05-31,Незачет
2449,82,49,2025-12-17,Зачет
2450,82,50,2025-06-15,Незачет
2451,82,51,2026-03-13,Зачет
2452,82,52,2026-04-10,Незачет
2453,82,53,2025-12-01,4
2454,82,54,2025-07-18,Незачет
2455,82,55,2025-09-26,Незачет
2456,82,56,2025-09-10,Зачет
2457,82,57,2025-07-22,Зачет
2458,82,58,2025-10-31,Зачет
2459,82,59,2025-06-20,Зачет
2460,82,60,2025-08-16,Незачет
2461,83,31,2026-01-22,Зачет
2462,83,32,2026-04-07,Незачет
2463,83,33,2025-11-13,5
2464,83,34,2025-11-27,Незачет
2465,83,35,2026-01-10,5
2466,83,36,2025-09-05,Зачет
2467,83,37,2025-12-24,4
2468,83,38,2025-10-04,2
2469,83,39,2025-12-30,3
2470,83,40,2025-10-06,2
2471,83,41,2025-12-20,2
2472,83,42,2025-06-20,Зачет
2473,83,43,2025-09-19,2
2474,83,44,2025-09-20,Незачет
2475,83,45,2026-03-31,Незачет
2476,83,46,2025-10-31,Зачет
2477,83,47,2026-01-01,Незачет
2478,83,48,2025-07-13,Зачет
2479,83,49,2026-03-19,Зачет
2480,83,50,2026-01-23,Зачет
2481,83,51,2026-02-05,Зачет
2482,83,52,2026-03-13,Зачет
2483,83,53,2025-08-30,5
2484,83,54,2026-04-28,Зачет
2485,83,55,2025-12-31,Незачет
2486,83,56,2025-12-22,Незачет
2487,83,57,2025-06-08,Незачет
2488,83,58,2026-01-23,Незачет
2489,83,59,2025-06-28,Незачет
2490,83,60,2025-09-05,Незачет
2491,84,31,2025-06-21,Зачет
2492,84,32,2025-08-07,Незачет
2493,84,33,2025-09-02,2
2494,84,34,2025-06-21,Зачет
2495,84,35,2025-07-17,2
2496,84,36,2025-09-28,Незачет
2497,84,37,2026-01-31,5
2498,84,38,2025-06-30,2
2499,84,39,2025-11-21,5
2500,84,40,2025-10-04,3
2501,84,41,2025-10-16,3
2502,84,42,2025-12-24,Незачет
2503,84,43,2025-06-29,5
2504,84,44,2025-12-16,Зачет
2505,84,45,2025-10-03,Зачет
2506,84,46,2025-10-18,Зачет
2507,84,47,2025-07-18,Незачет
2508,84,48,2025-11-12,Незачет
2509,84,49,2026-01-08,Зачет
2510,84,50,2025-12-01,Зачет
2511,84,51,2026-01-31,Зачет
2512,84,52,2026-04-28,Незачет
2513,84,53,2026-01-12,2
2514,84,54,2026-05-03,Зачет
2515,84,55,2025-07-13,Незачет
2516,84,56,2025-12-08,Незачет
2517,84,57,2025-07-10,Незачет
2518,84,58,2025-11-13,Незачет
2519,84,59,2025-08-27,Зачет
2520,84,60,2025-06-30,Зачет
2521,85,31,2025-07-18,Зачет
2522,85,32,2025-09-06,Незачет
2523,85,33,2026-03-29,5
2524,85,34,2025-10-29,Незачет
2525,85,35,2026-01-02,3
2526,85,36,2025-05-27,Незачет
2527,85,37,2026-04-08,2
2528,85,38,2025-09-23,3
2529,85,39,2025-05-10,2
2530,85,40,2025-11-11,3
2531,85,41,2025-06-29,5
2532,85,42,2025-07-21,Незачет
2533,85,43,2026-03-19,2
2534,85,44,2025-10-03,Зачет
2535,85,45,2025-12-11,Незачет
2536,85,46,2025-11-19,Зачет
2537,85,47,2026-01-15,Незачет
2538,85,48,2025-11-15,Зачет
2539,85,49,2025-10-12,Зачет
2540,85,50,2026-01-27,Зачет
2541,85,51,2025-11-13,Незачет
2542,85,52,2025-10-15,Зачет
2543,85,53,2026-02-06,4
2544,85,54,2026-03-29,Зачет
2545,85,55,2025-10-26,Зачет
2546,85,56,2025-11-12,Зачет
2547,85,57,2025-07-10,Незачет
2548,85,58,2025-06-08,Зачет
2549,85,59,2025-12-12,Незачет
2550,85,60,2025-05-18,Зачет
2551,86,31,2026-03-12,Зачет
2552,86,32,2026-02-26,Незачет
2553,86,33,2025-07-31,3
2554,86,34,2025-08-28,Зачет
2555,86,35,2025-05-19,3
2556,86,36,2025-08-21,Незачет
2557,86,37,2025-08-02,3
2558,86,38,2025-12-01,4
2559,86,39,2025-08-27,4
2560,86,40,2025-07-11,5
2561,86,41,2026-03-06,3
2562,86,42,2025-10-31,Зачет
2563,86,43,2025-12-12,5
2564,86,44,2026-02-19,Незачет
2565,86,45,2026-03-03,Зачет
2566,86,46,2026-02-28,Незачет
2567,86,47,2025-11-15,Зачет
2568,86,48,2025-12-06,Незачет
2569,86,49,2025-11-21,Незачет
2570,86,50,2025-06-19,Незачет
2571,86,51,2025-12-15,Незачет
2572,86,52,2025-06-20,Зачет
2573,86,53,2025-08-19,3
2574,86,54,2026-03-04,Незачет
2575,86,55,2025-12-03,Незачет
2576,86,56,2026-03-22,Незачет
2577,86,57,2025-09-26,Незачет
2578,86,58,2025-12-03,Зачет
2579,86,59,2026-03-22,Зачет
2580,86,60,2026-02-24,Зачет
2581,87,31,2025-05-23,Незачет
2582,87,32,2026-02-26,Незачет
2583,87,33,2026-02-10,4
2584,87,34,2025-10-25,Незачет
2585,87,35,2025-12-05,5
2586,87,36,2025-07-30,Зачет
2587,87,37,2025-10-19,5
2588,87,38,2025-06-15,3
2589,87,39,2026-02-16,2
2590,87,40,2026-03-25,4
2591,87,41,2026-01-15,3
2592,87,42,2026-02-22,Незачет
2593,87,43,2025-08-11,2
2594,87,44,2025-08-30,Незачет
2595,87,45,2026-04-11,Зачет
2596,87,46,2025-05-19,Незачет
2597,87,47,2025-10-28,Зачет
2598,87,48,2025-08-17,Незачет
2599,87,49,2025-09-19,Незачет
2600,87,50,2026-04-06,Незачет
2601,87,51,2026-03-20,Незачет
2602,87,52,2025-06-09,Зачет
2603,87,53,2025-10-24,2
2604,87,54,2026-04-08,Зачет
2605,87,55,2025-06-21,Зачет
2606,87,56,2026-03-04,Зачет
2607,87,57,2026-03-18,Зачет
2608,87,58,2025-08-07,Зачет
2609,87,59,2025-07-27,Зачет
2610,87,60,2026-03-17,Зачет
2611,88,31,2026-02-17,Незачет
2612,88,32,2025-12-21,Зачет
2613,88,33,2026-01-29,2
2614,88,34,2025-09-20,Зачет
2615,88,35,2026-04-06,5
2616,88,36,2026-02-07,Незачет
2617,88,37,2025-12-30,4
2618,88,38,2026-01-07,2
2619,88,39,2025-10-20,4
2620,88,40,2025-07-10,3
2621,88,41,2026-01-01,2
2622,88,42,2025-06-30,Зачет
2623,88,43,2026-03-07,3
2624,88,44,2025-07-26,Незачет
2625,88,45,2026-03-18,Зачет
2626,88,46,2025-07-26,Незачет
2627,88,47,2026-03-15,Зачет
2628,88,48,2025-05-30,Незачет
2629,88,49,2025-12-14,Незачет
2630,88,50,2025-09-20,Незачет
2631,88,51,2025-11-29,Зачет
2632,88,52,2025-08-24,Незачет
2633,88,53,2025-12-24,2
2634,88,54,2025-12-02,Зачет
2635,88,55,2025-07-11,Незачет
2636,88,56,2025-09-09,Зачет
2637,88,57,2026-02-04,Зачет
2638,88,58,2025-08-28,Зачет
2639,88,59,2025-08-27,Зачет
2640,88,60,2025-12-15,Зачет
2641,89,31,2025-08-18,Незачет
2642,89,32,2026-04-05,Зачет
2643,89,33,2025-11-22,3
2644,89,34,2026-04-21,Зачет
2645,89,35,2026-01-25,3
2646,89,36,2026-03-19,Незачет
2647,89,37,2025-06-12,2
2648,89,38,2025-06-28,4
2649,89,39,2026-02-22,5
2650,89,40,2026-03-08,5
2651,89,41,2025-10-13,2
2652,89,42,2026-04-28,Зачет
2653,89,43,2025-05-30,3
2654,89,44,2025-08-22,Незачет
2655,89,45,2026-04-08,Незачет
2656,89,46,2026-01-16,Зачет
2657,89,47,2025-06-25,Незачет
2658,89,48,2026-02-03,Незачет
2659,89,49,2026-04-08,Незачет
2660,89,50,2025-06-27,Незачет
2661,89,51,2025-08-11,Незачет
2662,89,52,2025-07-02,Незачет
2663,89,53,2026-02-07,5
2664,89,54,2025-09-09,Незачет
2665,89,55,2026-03-24,Зачет
2666,89,56,2025-08-11,Зачет
2667,89,57,2026-02-26,Незачет
2668,89,58,2026-03-30,Незачет
2669,89,59,2026-01-24,Незачет
2670,89,60,2025-10-06,Незачет
2671,90,31,2025-11-13,Незачет
2672,90,32,2025-07-01,Незачет
2673,90,33,2025-12-17,2
2674,90,34,2026-01-07,Зачет
2675,90,35,2025-08-19,4
2676,90,36,2026-01-05,Зачет
2677,90,37,2025-10-14,3
2678,90,38,2025-09-29,4
2679,90,39,2025-10-29,2
2680,90,40,2025-06-05,4
2681,90,41,2026-01-08,3
2682,90,42,2026-03-11,Зачет
2683,90,43,2026-04-13,4
2684,90,44,2026-03-01,Зачет
2685,90,45,2025-06-12,Незачет
2686,90,46,2025-10-10,Зачет
2687,90,47,2025-11-23,Зачет
2688,90,48,2026-02-22,Зачет
2689,90,49,2025-08-23,Незачет
2690,90,50,2026-01-31,Незачет
2691,90,51,2026-05-05,Зачет
2692,90,52,2026-04-12,Зачет
2693,90,53,2025-09-27,4
2694,90,54,2025-10-30,Незачет
2695,90,55,2025-11-12,Зачет
2696,90,56,2025-09-11,Зачет
2697,90,57,2025-12-19,Незачет
2698,90,58,2025-05-07,Незачет
2699,90,59,2026-04-09,Зачет
2700,90,60,2026-03-03,Незачет
2701,91,31,2026-04-01,Зачет
2702,91,32,2026-02-15,Зачет
2703,91,33,2025-06-12,4
2704,91,34,2026-02-14,Незачет
2705,91,35,2025-11-01,3
2706,91,36,2026-01-08,Незачет
2707,91,37,2026-01-19,2
2708,91,38,2026-02-01,4
2709,91,39,2025-09-23,2
2710,91,40,2026-04-02,5
2711,91,41,2025-05-31,2
2712,91,42,2026-03-12,Зачет
2713,91,43,2025-11-30,4
2714,91,44,2025-10-08,Незачет
2715,91,45,2025-07-30,Незачет
2716,91,46,2025-10-20,Незачет
2717,91,47,2026-03-23,Зачет
2718,91,48,2025-07-28,Зачет
2719,91,49,2025-11-15,Зачет
2720,91,50,2025-08-19,Незачет
2721,91,51,2025-09-09,Зачет
2722,91,52,2026-03-24,Незачет
2723,91,53,2025-08-25,2
2724,91,54,2025-09-15,Незачет
2725,91,55,2025-12-05,Зачет
2726,91,56,2025-12-17,Незачет
2727,91,57,2025-06-26,Зачет
2728,91,58,2025-12-12,Зачет
2729,91,59,2026-04-03,Зачет
2730,91,60,2025-11-11,Незачет
2731,92,31,2026-03-09,Незачет
2732,92,32,2025-09-17,Зачет
2733,92,33,2026-04-19,3
2734,92,34,2026-01-27,Незачет
2735,92,35,2026-02-27,4
2736,92,36,2025-05-25,Незачет
2737,92,37,2025-05-24,3
2738,92,38,2025-06-14,3
2739,92,39,2026-01-05,4
2740,92,40,2026-03-07,2
2741,92,41,2026-03-27,5
2742,92,42,2025-11-01,Зачет
2743,92,43,2025-05-13,5
2744,92,44,2025-06-24,Незачет
2745,92,45,2026-05-02,Зачет
2746,92,46,2026-04-05,Незачет
2747,92,47,2025-07-07,Незачет
2748,92,48,2025-10-25,Зачет
2749,92,49,2025-10-31,Зачет
2750,92,50,2025-05-07,Незачет
2751,92,51,2025-10-20,Зачет
2752,92,52,2025-07-24,Незачет
2753,92,53,2026-01-29,5
2754,92,54,2026-04-25,Зачет
2755,92,55,2025-06-27,Зачет
2756,92,56,2026-04-14,Зачет
2757,92,57,2026-01-14,Зачет
2758,92,58,2025-09-01,Незачет
2759,92,59,2025-07-07,Незачет
2760,92,60,2026-04-11,Незачет
2761,93,31,2026-05-04,Зачет
2762,93,32,2026-04-12,Зачет
2763,93,33,2025-08-21,5
2764,93,34,2025-06-12,Незачет
2765,93,35,2026-01-16,4
2766,93,36,2025-09-23,Незачет
2767,93,37,2025-08-12,3
2768,93,38,2025-06-08,4
2769,93,39,2025-09-28,4
2770,93,40,2026-01-20,2
2771,93,41,2026-04-23,4
2772,93,42,2026-01-14,Зачет
2773,93,43,2025-07-10,4
2774,93,44,2025-05-27,Незачет
2775,93,45,2025-10-07,Зачет
2776,93,46,2026-01-04,Незачет
2777,93,47,2025-09-02,Зачет
2778,93,48,2026-02-12,Зачет
2779,93,49,2026-02-02,Зачет
2780,93,50,2026-02-24,Незачет
2781,93,51,2025-08-05,Зачет
2782,93,52,2025-10-20,Зачет
2783,93,53,2026-01-16,2
2784,93,54,2025-06-11,Зачет
2785,93,55,2026-02-04,Зачет
2786,93,56,2025-06-12,Зачет
2787,93,57,2025-05-07,Незачет
2788,93,58,2025-07-28,Зачет
2789,93,59,2025-11-08,Незачет
2790,93,60,2025-06-06,Зачет
2791,94,31,2025-06-27,Незачет
2792,94,32,2025-12-23,Незачет
2793,94,33,2025-08-02,5
2794,94,34,2025-11-24,Зачет
2795,94,35,2026-01-26,4
2796,94,36,2025-10-26,Зачет
2797,94,37,2025-05-10,3
2798,94,38,2025-05-10,3
2799,94,39,2026-02-01,4
2800,94,40,2025-09-17,5
2801,94,41,2026-03-20,3
2802,94,42,2025-06-22,Зачет
2803,94,43,2026-04-06,5
2804,94,44,2025-10-18,Зачет
2805,94,45,2026-01-31,Незачет
2806,94,46,2025-06-27,Зачет
2807,94,47,2025-11-08,Зачет
2808,94,48,2025-06-03,Незачет
2809,94,49,2025-08-03,Зачет
2810,94,50,2025-10-02,Незачет
2811,94,51,2025-06-10,Зачет
2812,94,52,2026-02-14,Незачет
2813,94,53,2026-03-16,2
2814,94,54,2025-06-15,Зачет
2815,94,55,2025-06-16,Незачет
2816,94,56,2025-09-05,Незачет
2817,94,57,2025-09-26,Незачет
2818,94,58,2026-04-14,Зачет
2819,94,59,2025-08-31,Зачет
2820,94,60,2025-06-29,Незачет
2821,95,31,2025-10-02,Незачет
2822,95,32,2026-03-03,Зачет
2823,95,33,2026-03-18,5
2824,95,34,2026-02-23,Зачет
2825,95,35,2026-04-11,4
2826,95,36,2025-06-27,Незачет
2827,95,37,2026-01-11,2
2828,95,38,2026-01-24,3
2829,95,39,2025-07-01,3
2830,95,40,2025-06-02,5
2831,95,41,2025-11-29,2
2832,95,42,2025-12-11,Зачет
2833,95,43,2025-05-10,3
2834,95,44,2025-12-30,Незачет
2835,95,45,2026-01-14,Незачет
2836,95,46,2025-07-09,Незачет
2837,95,47,2025-10-24,Незачет
2838,95,48,2025-09-20,Зачет
2839,95,49,2026-02-11,Зачет
2840,95,50,2025-07-28,Незачет
2841,95,51,2026-01-05,Незачет
2842,95,52,2026-02-21,Незачет
2843,95,53,2025-07-04,4
2844,95,54,2026-04-29,Зачет
2845,95,55,2025-10-13,Незачет
2846,95,56,2026-01-01,Зачет
2847,95,57,2026-01-28,Незачет
2848,95,58,2025-10-25,Незачет
2849,95,59,2026-04-05,Зачет
2850,95,60,2025-07-30,Незачет
2851,96,31,2025-06-09,Зачет
2852,96,32,2026-04-20,Зачет
2853,96,33,2025-06-15,4
2854,96,34,2025-06-30,Незачет
2855,96,35,2026-02-23,3
2856,96,36,2025-06-23,Зачет
2857,96,37,2025-12-21,5
2858,96,38,2026-02-14,3
2859,96,39,2025-10-03,5
2860,96,40,2025-09-20,3
2861,96,41,2025-10-20,3
2862,96,42,2025-09-06,Незачет
2863,96,43,2026-03-10,4
2864,96,44,2025-06-30,Незачет
2865,96,45,2025-08-11,Незачет
2866,96,46,2025-08-22,Зачет
2867,96,47,2026-01-12,Зачет
2868,96,48,2025-06-08,Зачет
2869,96,49,2025-08-11,Зачет
2870,96,50,2025-12-07,Зачет
2871,96,51,2025-12-26,Незачет
2872,96,52,2025-12-26,Зачет
2873,96,53,2026-02-11,5
2874,96,54,2025-12-28,Зачет
2875,96,55,2025-08-25,Зачет
2876,96,56,2026-03-05,Незачет
2877,96,57,2026-05-07,Зачет
2878,96,58,2026-01-30,Зачет
2879,96,59,2025-05-17,Зачет
2880,96,60,2026-04-01,Незачет
2881,97,31,2026-03-31,Зачет
2882,97,32,2026-01-17,Зачет
2883,97,33,2026-04-12,4
2884,97,34,2025-09-01,Незачет
2885,97,35,2025-07-25,5
2886,97,36,2025-11-24,Незачет
2887,97,37,2025-12-28,5
2888,97,38,2025-11-20,4
2889,97,39,2025-07-19,3
2890,97,40,2026-02-21,3
2891,97,41,2025-10-06,2
2892,97,42,2025-08-29,Зачет
2893,97,43,2026-01-12,3
2894,97,44,2025-05-28,Зачет
2895,97,45,2026-03-07,Незачет
2896,97,46,2026-04-20,Зачет
2897,97,47,2026-03-11,Зачет
2898,97,48,2025-08-07,Зачет
2899,97,49,2025-11-15,Зачет
2900,97,50,2025-10-03,Незачет
2901,97,51,2025-06-19,Зачет
2902,97,52,2025-08-08,Незачет
2903,97,53,2025-11-17,3
2904,97,54,2026-01-09,Незачет
2905,97,55,2025-12-23,Незачет
2906,97,56,2025-06-03,Зачет
2907,97,57,2025-11-28,Незачет
2908,97,58,2026-04-17,Незачет
2909,97,59,2025-05-11,Незачет
2910,97,60,2025-09-24,Зачет
2911,98,31,2026-05-04,Зачет
2912,98,32,2025-09-06,Зачет
2913,98,33,2025-06-27,3
2914,98,34,2025-10-04,Зачет
2915,98,35,2026-04-06,5
2916,98,36,2026-03-28,Зачет
2917,98,37,2025-12-13,4
2918,98,38,2025-10-17,5
2919,98,39,2025-09-25,3
2920,98,40,2025-12-05,3
2921,98,41,2026-01-27,3
2922,98,42,2025-07-13,Зачет
2923,98,43,2026-02-27,3
2924,98,44,2025-11-05,Незачет
2925,98,45,2026-03-02,Незачет
2926,98,46,2025-06-04,Незачет
2927,98,47,2025-05-13,Незачет
2928,98,48,2025-12-21,Зачет
2929,98,49,2025-06-02,Незачет
2930,98,50,2025-05-12,Незачет
2931,98,51,2025-08-16,Зачет
2932,98,52,2025-07-29,Незачет
2933,98,53,2025-05-22,4
2934,98,54,2026-04-30,Незачет
2935,98,55,2025-05-30,Зачет
2936,98,56,2026-03-09,Зачет
2937,98,57,2025-10-08,Незачет
2938,98,58,2025-11-19,Незачет
2939,98,59,2025-08-26,Зачет
2940,98,60,2026-01-06,Зачет
2941,99,31,2026-02-07,Незачет
2942,99,32,2025-11-17,Зачет
2943,99,33,2026-02-28,5
2944,99,34,2025-10-15,Зачет
2945,99,35,2025-10-18,3
2946,99,36,2026-02-03,Незачет
2947,99,37,2025-10-10,5
2948,99,38,2025-06-08,5
2949,99,39,2026-01-10,4
2950,99,40,2025-12-01,4
2951,99,41,2025-12-01,5
2952,99,42,2026-01-01,Зачет
2953,99,43,2025-07-05,5
2954,99,44,2025-08-22,Незачет
2955,99,45,2025-06-08,Зачет
2956,99,46,2025-09-04,Зачет
2957,99,47,2025-06-06,Незачет
2958,99,48,2025-11-21,Незачет
2959,99,49,2026-04-29,Зачет
2960,99,50,2025-07-24,Зачет
2961,99,51,2026-03-16,Зачет
2962,99,52,2025-07-06,Зачет
2963,99,53,2025-12-01,5
2964,99,54,2025-09-10,Незачет
2965,99,55,2025-10-05,Незачет
2966,99,56,2025-12-20,Незачет
2967,99,57,2026-01-08,Зачет
2968,99,58,2026-02-27,Зачет
2969,99,59,2026-03-27,Незачет
2970,99,60,2026-01-14,Зачет
2971,100,31,2026-01-26,Незачет
2972,100,32,2026-01-11,Зачет
2973,100,33,2025-06-01,4
2974,100,34,2025-09-04,Незачет
2975,100,35,2026-02-02,3
2976,100,36,2025-10-23,Зачет
2977,100,37,2026-02-14,2
2978,100,38,2026-03-31,2
2979,100,39,2025-08-07,5
2980,100,40,2025-05-29,4
2981,100,41,2025-08-09,2
2982,100,42,2025-06-09,Незачет
2983,100,43,2026-05-01,3
2984,100,44,2025-10-22,Незачет
2985,100,45,2025-06-21,Незачет
2986,100,46,2025-10-30,Зачет
2987,100,47,2025-12-30,Зачет
2988,100,48,2025-12-29,Незачет
2989,100,49,2025-05-28,Зачет
2990,100,50,2025-09-04,Зачет
2991,100,51,2026-01-20,Зачет
2992,100,52,2026-02-19,Зачет
2993,100,53,2026-01-17,2
2994,100,54,2026-02-18,Незачет
2995,100,55,2025-07-14,Незачет
2996,100,56,2025-06-22,Незачет
2997,100,57,2025-05-11,Незачет
2998,100,58,2026-02-05,Незачет
2999,100,59,2025-06-29,Зачет
3000,100,60,2026-02-03,Зачет
3001,101,211,2025-05-11,3
3002,101,212,2025-07-09,3
3003,101,213,2025-11-15,Зачет
3004,101,214,2025-09-18,4
3005,101,215,2025-11-26,Зачет
3006,101,216,2025-11-23,Незачет
3007,101,217,2026-03-07,Незачет
3008,101,218,2026-03-22,5
3009,101,219,2026-02-10,Зачет
3010,101,220,2025-08-15,Незачет
3011,101,221,2025-07-10,Зачет
3012,101,222,2025-09-28,3
3013,101,223,2025-06-25,Незачет
3014,101,224,2026-02-22,5
3015,101,225,2026-03-06,Незачет
3016,101,226,2026-04-11,Незачет
3017,101,227,2025-08-19,Зачет
3018,101,228,2026-02-15,2
3019,101,229,2026-04-16,Зачет
3020,101,230,2025-06-21,4
3021,101,231,2026-03-02,3
3022,101,232,2026-04-21,2
3023,101,233,2025-05-18,3
3024,101,234,2025-09-14,Зачет
3025,101,235,2026-03-16,2
3026,101,236,2025-10-20,4
3027,101,237,2025-08-20,Зачет
3028,101,238,2025-11-26,Зачет
3029,101,239,2025-05-31,2
3030,101,240,2025-08-17,Незачет
3031,102,211,2026-02-07,4
3032,102,212,2025-12-16,2
3033,102,213,2026-01-05,Зачет
3034,102,214,2025-06-05,2
3035,102,215,2025-11-15,Незачет
3036,102,216,2025-10-30,Зачет
3037,102,217,2025-11-21,Зачет
3038,102,218,2025-09-23,4
3039,102,219,2025-05-28,Зачет
3040,102,220,2025-11-17,Незачет
3041,102,221,2026-04-05,Незачет
3042,102,222,2025-12-13,2
3043,102,223,2025-07-10,Зачет
3044,102,224,2025-09-26,4
3045,102,225,2025-07-07,Незачет
3046,102,226,2025-08-14,Незачет
3047,102,227,2026-03-03,Незачет
3048,102,228,2025-06-15,2
3049,102,229,2026-04-19,Незачет
3050,102,230,2025-12-15,2
3051,102,231,2026-01-23,4
3052,102,232,2026-02-11,5
3053,102,233,2025-06-20,3
3054,102,234,2025-08-03,Зачет
3055,102,235,2026-02-18,4
3056,102,236,2025-11-20,4
3057,102,237,2025-05-07,Незачет
3058,102,238,2025-05-24,Зачет
3059,102,239,2026-04-05,3
3060,102,240,2026-04-07,Зачет
3061,103,211,2025-05-11,2
3062,103,212,2025-08-09,2
3063,103,213,2025-05-24,Незачет
3064,103,214,2025-11-06,4
3065,103,215,2025-09-25,Незачет
3066,103,216,2025-10-02,Незачет
3067,103,217,2026-04-29,Незачет
3068,103,218,2025-07-04,4
3069,103,219,2025-07-15,Зачет
3070,103,220,2026-05-03,Незачет
3071,103,221,2026-04-05,Незачет
3072,103,222,2025-05-20,5
3073,103,223,2025-12-07,Зачет
3074,103,224,2026-03-14,3
3075,103,225,2026-04-26,Незачет
3076,103,226,2026-02-08,Зачет
3077,103,227,2026-02-18,Зачет
3078,103,228,2026-01-16,2
3079,103,229,2025-10-16,Зачет
3080,103,230,2025-08-02,5
3081,103,231,2025-09-08,2
3082,103,232,2025-08-11,3
3083,103,233,2025-10-15,5
3084,103,234,2026-04-27,Незачет
3085,103,235,2026-02-10,2
3086,103,236,2025-09-08,4
3087,103,237,2025-08-20,Незачет
3088,103,238,2026-03-23,Зачет
3089,103,239,2025-06-06,2
3090,103,240,2025-12-14,Зачет
3091,104,211,2025-09-28,4
3092,104,212,2025-06-22,4
3093,104,213,2025-11-17,Зачет
3094,104,214,2026-01-23,4
3095,104,215,2026-04-22,Незачет
3096,104,216,2025-05-27,Незачет
3097,104,217,2025-07-15,Зачет
3098,104,218,2025-08-01,2
3099,104,219,2026-03-15,Незачет
3100,104,220,2025-11-23,Незачет
3101,104,221,2025-05-24,Незачет
3102,104,222,2025-10-09,2
3103,104,223,2025-06-02,Зачет
3104,104,224,2026-04-12,3
3105,104,225,2025-11-03,Незачет
3106,104,226,2026-04-08,Незачет
3107,104,227,2025-08-24,Незачет
3108,104,228,2026-03-03,5
3109,104,229,2026-03-31,Зачет
3110,104,230,2025-09-04,3
3111,104,231,2025-09-11,5
3112,104,232,2025-06-09,3
3113,104,233,2025-12-07,5
3114,104,234,2025-10-31,Незачет
3115,104,235,2025-05-10,5
3116,104,236,2025-09-27,5
3117,104,237,2025-07-23,Зачет
3118,104,238,2025-08-28,Незачет
3119,104,239,2025-12-11,4
3120,104,240,2026-03-07,Зачет
3121,105,211,2025-09-02,3
3122,105,212,2026-02-18,4
3123,105,213,2026-01-03,Незачет
3124,105,214,2025-08-09,2
3125,105,215,2025-11-03,Зачет
3126,105,216,2025-09-27,Незачет
3127,105,217,2025-12-22,Зачет
3128,105,218,2025-11-14,4
3129,105,219,2026-03-03,Незачет
3130,105,220,2026-03-04,Зачет
3131,105,221,2025-07-21,Незачет
3132,105,222,2026-02-15,3
3133,105,223,2026-04-21,Зачет
3134,105,224,2025-12-05,4
3135,105,225,2026-02-26,Незачет
3136,105,226,2026-03-12,Зачет
3137,105,227,2025-08-10,Незачет
3138,105,228,2025-07-04,5
3139,105,229,2025-05-09,Зачет
3140,105,230,2026-05-04,5
3141,105,231,2025-10-13,3
3142,105,232,2025-05-16,4
3143,105,233,2025-08-05,5
3144,105,234,2025-12-03,Незачет
3145,105,235,2025-09-18,3
3146,105,236,2026-01-08,4
3147,105,237,2026-03-29,Зачет
3148,105,238,2026-01-31,Зачет
3149,105,239,2026-04-12,4
3150,105,240,2025-05-10,Зачет
3151,106,211,2025-09-14,3
3152,106,212,2025-05-07,2
3153,106,213,2026-02-25,Незачет
3154,106,214,2026-01-17,2
3155,106,215,2025-09-30,Незачет
3156,106,216,2026-04-01,Зачет
3157,106,217,2026-02-17,Зачет
3158,106,218,2026-02-13,4
3159,106,219,2025-09-03,Незачет
3160,106,220,2025-06-16,Незачет
3161,106,221,2025-07-25,Незачет
3162,106,222,2025-11-28,3
3163,106,223,2025-08-07,Зачет
3164,106,224,2025-10-17,3
3165,106,225,2025-11-14,Зачет
3166,106,226,2025-05-30,Зачет
3167,106,227,2025-07-01,Незачет
3168,106,228,2026-02-07,5
3169,106,229,2025-08-23,Зачет
3170,106,230,2025-06-12,2
3171,106,231,2025-05-24,4
3172,106,232,2026-04-29,2
3173,106,233,2025-08-04,2
3174,106,234,2026-04-20,Незачет
3175,106,235,2026-03-31,5
3176,106,236,2025-11-24,2
3177,106,237,2025-10-14,Зачет
3178,106,238,2026-02-03,Незачет
3179,106,239,2026-04-19,2
3180,106,240,2025-09-28,Незачет
3181,107,211,2025-11-01,3
3182,107,212,2026-02-21,4
3183,107,213,2025-06-08,Зачет
3184,107,214,2025-12-18,3
3185,107,215,2025-06-13,Незачет
3186,107,216,2025-11-19,Незачет
3187,107,217,2025-06-27,Незачет
3188,107,218,2026-01-09,5
3189,107,219,2026-03-21,Зачет
3190,107,220,2025-10-07,Незачет
3191,107,221,2025-06-05,Зачет
3192,107,222,2025-12-22,3
3193,107,223,2025-12-13,Незачет
3194,107,224,2025-05-31,2
3195,107,225,2025-10-22,Зачет
3196,107,226,2026-01-19,Зачет
3197,107,227,2025-06-26,Зачет
3198,107,228,2025-08-06,4
3199,107,229,2025-08-28,Незачет
3200,107,230,2025-08-16,4
3201,107,231,2026-04-02,3
3202,107,232,2025-09-06,4
3203,107,233,2026-05-01,3
3204,107,234,2026-03-14,Зачет
3205,107,235,2025-10-06,2
3206,107,236,2026-02-03,4
3207,107,237,2026-03-26,Незачет
3208,107,238,2026-02-16,Незачет
3209,107,239,2025-09-10,2
3210,107,240,2025-09-07,Зачет
3211,108,211,2025-10-29,2
3212,108,212,2025-08-20,5
3213,108,213,2025-08-05,Зачет
3214,108,214,2025-06-05,2
3215,108,215,2025-07-24,Незачет
3216,108,216,2025-06-28,Зачет
3217,108,217,2026-03-05,Зачет
3218,108,218,2026-03-02,5
3219,108,219,2025-12-20,Незачет
3220,108,220,2025-06-18,Зачет
3221,108,221,2025-07-06,Незачет
3222,108,222,2025-06-17,4
3223,108,223,2025-07-09,Незачет
3224,108,224,2025-10-28,4
3225,108,225,2025-11-03,Зачет
3226,108,226,2025-09-05,Зачет
3227,108,227,2025-10-11,Незачет
3228,108,228,2025-06-22,3
3229,108,229,2025-12-01,Зачет
3230,108,230,2025-09-23,5
3231,108,231,2026-03-02,2
3232,108,232,2025-07-26,5
3233,108,233,2025-10-29,4
3234,108,234,2025-09-03,Незачет
3235,108,235,2025-11-02,5
3236,108,236,2025-08-17,3
3237,108,237,2026-04-03,Зачет
3238,108,238,2025-06-22,Зачет
3239,108,239,2025-06-11,4
3240,108,240,2025-07-07,Незачет
3241,109,211,2026-03-16,5
3242,109,212,2026-01-28,3
3243,109,213,2025-09-02,Незачет
3244,109,214,2026-03-23,4
3245,109,215,2026-02-04,Незачет
3246,109,216,2026-02-01,Незачет
3247,109,217,2025-12-27,Зачет
3248,109,218,2025-05-22,2
3249,109,219,2025-07-29,Незачет
3250,109,220,2026-03-27,Зачет
3251,109,221,2026-04-04,Незачет
3252,109,222,2025-09-11,5
3253,109,223,2025-07-03,Незачет
3254,109,224,2025-06-11,3
3255,109,225,2026-02-07,Незачет
3256,109,226,2025-08-11,Незачет
3257,109,227,2025-09-22,Зачет
3258,109,228,2025-10-07,2
3259,109,229,2025-11-22,Незачет
3260,109,230,2025-05-26,2
3261,109,231,2026-01-24,4
3262,109,232,2025-08-31,2
3263,109,233,2025-08-16,4
3264,109,234,2026-03-21,Незачет
3265,109,235,2025-07-13,5
3266,109,236,2025-05-19,5
3267,109,237,2025-10-11,Зачет
3268,109,238,2026-04-03,Зачет
3269,109,239,2025-10-29,3
3270,109,240,2025-12-08,Незачет
3271,110,211,2026-02-21,5
3272,110,212,2025-12-06,2
3273,110,213,2025-08-12,Незачет
3274,110,214,2025-06-12,3
3275,110,215,2025-11-02,Незачет
3276,110,216,2025-06-15,Незачет
3277,110,217,2026-03-15,Незачет
3278,110,218,2026-03-11,3
3279,110,219,2025-06-30,Зачет
3280,110,220,2025-06-23,Зачет
3281,110,221,2025-05-11,Незачет
3282,110,222,2025-05-30,2
3283,110,223,2026-03-25,Незачет
3284,110,224,2026-03-06,4
3285,110,225,2025-08-01,Зачет
3286,110,226,2025-06-26,Незачет
3287,110,227,2025-07-22,Зачет
3288,110,228,2026-03-22,4
3289,110,229,2025-10-09,Незачет
3290,110,230,2025-09-28,2
3291,110,231,2026-01-28,2
3292,110,232,2026-01-06,5
3293,110,233,2026-05-06,4
3294,110,234,2026-01-12,Незачет
3295,110,235,2025-06-08,2
3296,110,236,2025-12-19,2
3297,110,237,2025-12-20,Зачет
3298,110,238,2025-08-15,Зачет
3299,110,239,2026-04-28,2
3300,110,240,2026-03-18,Зачет
3301,111,211,2025-06-05,3
3302,111,212,2025-05-15,5
3303,111,213,2025-06-01,Незачет
3304,111,214,2025-07-22,5
3305,111,215,2026-04-22,Незачет
3306,111,216,2026-01-12,Зачет
3307,111,217,2025-10-26,Зачет
3308,111,218,2026-03-17,4
3309,111,219,2025-06-26,Незачет
3310,111,220,2025-06-11,Незачет
3311,111,221,2026-04-23,Незачет
3312,111,222,2026-04-01,4
3313,111,223,2026-03-25,Зачет
3314,111,224,2026-03-17,2
3315,111,225,2025-09-12,Незачет
3316,111,226,2025-06-23,Зачет
3317,111,227,2025-05-23,Незачет
3318,111,228,2026-05-07,2
3319,111,229,2025-11-02,Незачет
3320,111,230,2025-05-26,2
3321,111,231,2025-07-11,2
3322,111,232,2026-04-30,4
3323,111,233,2025-12-15,2
3324,111,234,2025-10-22,Незачет
3325,111,235,2026-03-22,2
3326,111,236,2026-02-12,3
3327,111,237,2025-10-07,Незачет
3328,111,238,2025-11-15,Незачет
3329,111,239,2025-05-18,4
3330,111,240,2025-10-02,Незачет
3331,112,211,2026-01-27,5
3332,112,212,2025-10-19,5
3333,112,213,2025-07-13,Незачет
3334,112,214,2025-09-21,3
3335,112,215,2025-07-29,Зачет
3336,112,216,2026-04-24,Незачет
3337,112,217,2025-07-18,Зачет
3338,112,218,2025-08-21,3
3339,112,219,2025-08-23,Незачет
3340,112,220,2025-10-27,Незачет
3341,112,221,2026-04-15,Незачет
3342,112,222,2025-07-03,3
3343,112,223,2025-05-20,Незачет
3344,112,224,2025-12-31,3
3345,112,225,2026-01-02,Зачет
3346,112,226,2026-01-01,Зачет
3347,112,227,2025-08-10,Зачет
3348,112,228,2026-01-13,2
3349,112,229,2025-08-29,Зачет
3350,112,230,2025-11-16,5
3351,112,231,2025-10-14,5
3352,112,232,2026-04-14,3
3353,112,233,2025-12-06,2
3354,112,234,2025-11-09,Зачет
3355,112,235,2025-05-30,5
3356,112,236,2025-06-10,5
3357,112,237,2025-08-23,Незачет
3358,112,238,2025-10-02,Зачет
3359,112,239,2025-06-29,5
3360,112,240,2025-10-16,Незачет
3361,113,211,2025-07-23,5
3362,113,212,2026-01-11,5
3363,113,213,2026-04-15,Незачет
3364,113,214,2026-03-12,3
3365,113,215,2025-11-27,Зачет
3366,113,216,2025-08-11,Незачет
3367,113,217,2026-01-06,Зачет
3368,113,218,2026-03-14,5
3369,113,219,2025-12-04,Зачет
3370,113,220,2026-03-11,Незачет
3371,113,221,2025-05-14,Незачет
3372,113,222,2025-10-02,4
3373,113,223,2026-03-06,Зачет
3374,113,224,2026-02-08,2
3375,113,225,2025-09-23,Незачет
3376,113,226,2025-11-09,Незачет
3377,113,227,2025-12-04,Зачет
3378,113,228,2026-03-06,5
3379,113,229,2025-11-11,Зачет
3380,113,230,2025-09-17,3
3381,113,231,2026-04-26,4
3382,113,232,2025-12-12,5
3383,113,233,2025-11-18,2
3384,113,234,2025-09-08,Зачет
3385,113,235,2025-10-04,3
3386,113,236,2025-08-20,5
3387,113,237,2025-07-15,Зачет
3388,113,238,2025-05-17,Незачет
3389,113,239,2025-09-07,2
3390,113,240,2025-12-24,Незачет
3391,114,211,2025-07-31,2
3392,114,212,2025-05-18,5
3393,114,213,2026-04-19,Незачет
3394,114,214,2026-03-17,5
3395,114,215,2026-03-05,Незачет
3396,114,216,2025-08-24,Незачет
3397,114,217,2025-05-29,Незачет
3398,114,218,2026-03-17,4
3399,114,219,2025-11-06,Незачет
3400,114,220,2025-11-28,Зачет
3401,114,221,2025-09-22,Зачет
3402,114,222,2026-02-28,4
3403,114,223,2025-12-19,Незачет
3404,114,224,2025-08-05,2
3405,114,225,2025-07-07,Незачет
3406,114,226,2025-06-14,Зачет
3407,114,227,2025-08-11,Зачет
3408,114,228,2026-01-17,4
3409,114,229,2025-08-08,Зачет
3410,114,230,2025-08-18,4
3411,114,231,2025-11-30,5
3412,114,232,2026-03-20,2
3413,114,233,2026-03-10,3
3414,114,234,2026-04-28,Зачет
3415,114,235,2026-02-17,4
3416,114,236,2025-05-28,4
3417,114,237,2026-02-27,Зачет
3418,114,238,2025-07-31,Незачет
3419,114,239,2025-12-16,4
3420,114,240,2026-03-31,Незачет
3421,115,211,2026-03-12,2
3422,115,212,2025-10-04,2
3423,115,213,2025-09-21,Зачет
3424,115,214,2026-05-05,3
3425,115,215,2026-03-28,Незачет
3426,115,216,2026-03-31,Незачет
3427,115,217,2025-07-13,Зачет
3428,115,218,2025-07-14,4
3429,115,219,2025-08-06,Зачет
3430,115,220,2025-12-23,Незачет
3431,115,221,2025-09-07,Зачет
3432,115,222,2026-03-16,2
3433,115,223,2026-02-17,Незачет
3434,115,224,2026-02-01,2
3435,115,225,2025-09-23,Зачет
3436,115,226,2026-04-26,Зачет
3437,115,227,2025-12-22,Незачет
3438,115,228,2025-05-17,5
3439,115,229,2026-02-04,Незачет
3440,115,230,2026-02-03,3
3441,115,231,2025-09-20,5
3442,115,232,2025-12-13,3
3443,115,233,2025-12-11,3
3444,115,234,2025-07-01,Незачет
3445,115,235,2025-12-11,2
3446,115,236,2025-07-19,4
3447,115,237,2026-03-27,Зачет
3448,115,238,2026-03-17,Зачет
3449,115,239,2026-04-14,3
3450,115,240,2025-11-14,Незачет
3451,116,211,2025-12-03,5
3452,116,212,2025-09-04,5
3453,116,213,2025-07-14,Незачет
3454,116,214,2025-11-13,5
3455,116,215,2025-05-21,Зачет
3456,116,216,2025-06-11,Незачет
3457,116,217,2025-05-28,Незачет
3458,116,218,2025-08-05,5
3459,116,219,2025-12-26,Незачет
3460,116,220,2025-07-30,Зачет
3461,116,221,2025-05-14,Незачет
3462,116,222,2025-11-27,2
3463,116,223,2025-11-08,Незачет
3464,116,224,2025-05-07,5
3465,116,225,2025-09-12,Незачет
3466,116,226,2026-04-28,Незачет
3467,116,227,2025-12-31,Зачет
3468,116,228,2025-07-24,2
3469,116,229,2026-03-16,Незачет
3470,116,230,2025-06-26,5
3471,116,231,2025-09-16,4
3472,116,232,2026-02-09,4
3473,116,233,2025-07-14,4
3474,116,234,2026-04-28,Незачет
3475,116,235,2026-03-14,2
3476,116,236,2026-03-30,4
3477,116,237,2026-04-09,Незачет
3478,116,238,2025-09-09,Незачет
3479,116,239,2025-05-30,3
3480,116,240,2025-05-15,Зачет
3481,117,211,2025-07-03,4
3482,117,212,2025-12-20,3
3483,117,213,2026-02-04,Незачет
3484,117,214,2026-04-28,2
3485,117,215,2025-07-01,Зачет
3486,117,216,2026-03-03,Зачет
3487,117,217,2025-06-19,Зачет
3488,117,218,2026-03-31,5
3489,117,219,2025-11-27,Зачет
3490,117,220,2026-04-06,Зачет
3491,117,221,2025-09-25,Незачет
3492,117,222,2025-06-04,4
3493,117,223,2025-09-29,Зачет
3494,117,224,2026-02-04,4
3495,117,225,2026-05-07,Незачет
3496,117,226,2026-01-19,Зачет
3497,117,227,2025-10-07,Зачет
3498,117,228,2025-12-20,2
3499,117,229,2025-06-15,Зачет
3500,117,230,2025-09-14,2
3501,117,231,2025-09-01,3
3502,117,232,2025-09-09,2
3503,117,233,2025-06-28,2
3504,117,234,2025-07-07,Зачет
3505,117,235,2026-02-15,3
3506,117,236,2025-10-23,5
3507,117,237,2026-03-10,Зачет
3508,117,238,2026-01-10,Зачет
3509,117,239,2025-11-12,3
3510,117,240,2026-01-14,Незачет
3511,118,211,2025-09-07,4
3512,118,212,2025-07-13,5
3513,118,213,2026-02-05,Зачет
3514,118,214,2025-12-11,5
3515,118,215,2026-01-31,Незачет
3516,118,216,2026-04-17,Незачет
3517,118,217,2026-05-02,Незачет
3518,118,218,2025-12-31,4
3519,118,219,2026-03-08,Зачет
3520,118,220,2025-09-22,Зачет
3521,118,221,2025-08-01,Незачет
3522,118,222,2026-01-20,2
3523,118,223,2025-12-21,Незачет
3524,118,224,2026-03-19,5
3525,118,225,2025-07-14,Незачет
3526,118,226,2025-09-30,Зачет
3527,118,227,2025-09-03,Незачет
3528,118,228,2026-02-16,4
3529,118,229,2026-01-29,Зачет
3530,118,230,2025-08-29,5
3531,118,231,2025-06-25,2
3532,118,232,2025-07-15,5
3533,118,233,2026-02-14,3
3534,118,234,2025-05-07,Незачет
3535,118,235,2026-02-03,3
3536,118,236,2025-12-15,5
3537,118,237,2025-10-06,Зачет
3538,118,238,2026-04-02,Зачет
3539,118,239,2026-03-02,5
3540,118,240,2025-12-13,Зачет
3541,119,211,2025-05-19,2
3542,119,212,2025-07-16,5
3543,119,213,2025-12-26,Незачет
3544,119,214,2025-09-07,2
3545,119,215,2026-04-29,Зачет
3546,119,216,2026-03-17,Зачет
3547,119,217,2025-12-30,Зачет
3548,119,218,2025-07-31,4
3549,119,219,2026-01-10,Незачет
3550,119,220,2025-12-12,Зачет
3551,119,221,2025-06-16,Незачет
3552,119,222,2026-05-05,3
3553,119,223,2025-11-15,Зачет
3554,119,224,2025-06-30,2
3555,119,225,2025-09-12,Незачет
3556,119,226,2026-02-20,Незачет
3557,119,227,2025-06-06,Зачет
3558,119,228,2025-08-07,4
3559,119,229,2025-09-18,Незачет
3560,119,230,2025-09-08,2
3561,119,231,2025-07-11,5
3562,119,232,2026-01-09,5
3563,119,233,2026-04-15,5
3564,119,234,2025-06-10,Незачет
3565,119,235,2026-03-22,2
3566,119,236,2026-02-06,3
3567,119,237,2026-01-22,Зачет
3568,119,238,2026-01-10,Незачет
3569,119,239,2026-02-14,5
3570,119,240,2026-04-16,Зачет
3571,120,211,2025-09-14,4
3572,120,212,2025-10-27,4
3573,120,213,2025-05-11,Незачет
3574,120,214,2025-08-17,5
3575,120,215,2025-07-27,Зачет
3576,120,216,2025-08-11,Зачет
3577,120,217,2026-01-31,Незачет
3578,120,218,2025-06-02,4
3579,120,219,2025-09-20,Зачет
3580,120,220,2025-08-14,Незачет
3581,120,221,2026-03-08,Незачет
3582,120,222,2025-06-17,3
3583,120,223,2026-02-10,Зачет
3584,120,224,2025-05-07,2
3585,120,225,2025-05-25,Незачет
3586,120,226,2025-10-03,Зачет
3587,120,227,2025-10-24,Незачет
3588,120,228,2026-02-15,5
3589,120,229,2025-10-16,Зачет
3590,120,230,2025-07-10,4
3591,120,231,2026-04-15,5
3592,120,232,2025-10-14,2
3593,120,233,2025-11-14,5
3594,120,234,2026-04-14,Зачет
3595,120,235,2025-10-01,3
3596,120,236,2025-09-20,2
3597,120,237,2025-12-05,Зачет
3598,120,238,2025-09-29,Зачет
3599,120,239,2025-06-15,3
3600,120,240,2026-03-24,Незачет
3601,121,211,2025-11-09,5
3602,121,212,2026-03-09,2
3603,121,213,2026-04-07,Незачет
3604,121,214,2025-12-17,5
3605,121,215,2026-01-14,Незачет
3606,121,216,2026-02-25,Зачет
3607,121,217,2026-01-28,Зачет
3608,121,218,2025-08-02,4
3609,121,219,2025-07-09,Зачет
3610,121,220,2025-10-29,Незачет
3611,121,221,2025-06-04,Зачет
3612,121,222,2026-03-13,5
3613,121,223,2026-03-31,Зачет
3614,121,224,2025-05-19,3
3615,121,225,2025-08-29,Незачет
3616,121,226,2025-05-14,Зачет
3617,121,227,2025-09-07,Зачет
3618,121,228,2025-08-16,2
3619,121,229,2025-06-16,Зачет
3620,121,230,2025-06-04,3
3621,121,231,2025-09-16,5
3622,121,232,2025-07-12,2
3623,121,233,2026-04-16,5
3624,121,234,2025-09-29,Зачет
3625,121,235,2025-07-08,3
3626,121,236,2026-02-15,3
3627,121,237,2025-06-05,Зачет
3628,121,238,2025-12-05,Зачет
3629,121,239,2026-05-07,2
3630,121,240,2026-04-20,Незачет
3631,122,211,2025-06-12,2
3632,122,212,2025-09-15,5
3633,122,213,2025-12-23,Зачет
3634,122,214,2025-12-31,2
3635,122,215,2026-04-18,Зачет
3636,122,216,2025-11-10,Зачет
3637,122,217,2026-02-04,Незачет
3638,122,218,2025-05-19,3
3639,122,219,2025-10-21,Зачет
3640,122,220,2026-01-15,Зачет
3641,122,221,2025-07-10,Незачет
3642,122,222,2025-12-28,4
3643,122,223,2026-04-17,Незачет
3644,122,224,2025-10-22,4
3645,122,225,2025-07-07,Зачет
3646,122,226,2025-05-27,Зачет
3647,122,227,2025-06-15,Незачет
3648,122,228,2025-09-12,3
3649,122,229,2025-07-25,Зачет
3650,122,230,2025-07-19,3
3651,122,231,2025-10-12,4
3652,122,232,2026-02-01,2
3653,122,233,2025-12-08,2
3654,122,234,2026-02-11,Незачет
3655,122,235,2026-05-01,3
3656,122,236,2026-02-14,5
3657,122,237,2025-12-02,Зачет
3658,122,238,2025-08-18,Незачет
3659,122,239,2026-01-18,3
3660,122,240,2025-08-24,Незачет
3661,123,211,2025-08-30,3
3662,123,212,2025-08-07,2
3663,123,213,2025-06-13,Зачет
3664,123,214,2025-05-26,2
3665,123,215,2025-10-06,Незачет
3666,123,216,2025-12-15,Зачет
3667,123,217,2025-12-06,Зачет
3668,123,218,2026-03-29,5
3669,123,219,2025-11-13,Зачет
3670,123,220,2025-07-05,Зачет
3671,123,221,2025-05-28,Зачет
3672,123,222,2025-09-24,3
3673,123,223,2025-05-08,Зачет
3674,123,224,2025-10-20,4
3675,123,225,2025-06-10,Незачет
3676,123,226,2025-08-29,Незачет
3677,123,227,2026-03-22,Зачет
3678,123,228,2026-01-19,3
3679,123,229,2026-01-04,Зачет
3680,123,230,2025-12-26,4
3681,123,231,2025-11-09,5
3682,123,232,2025-07-23,5
3683,123,233,2025-06-13,3
3684,123,234,2025-05-16,Зачет
3685,123,235,2025-07-26,2
3686,123,236,2025-07-12,3
3687,123,237,2026-01-09,Незачет
3688,123,238,2025-08-28,Зачет
3689,123,239,2025-06-07,4
3690,123,240,2025-11-06,Незачет
3691,124,211,2026-03-30,5
3692,124,212,2025-06-20,2
3693,124,213,2025-09-03,Зачет
3694,124,214,2026-03-07,3
3695,124,215,2025-10-08,Зачет
3696,124,216,2025-11-05,Зачет
3697,124,217,2025-11-12,Незачет
3698,124,218,2026-04-19,3
3699,124,219,2026-01-18,Незачет
3700,124,220,2025-08-17,Зачет
3701,124,221,2025-06-11,Незачет
3702,124,222,2026-01-11,2
3703,124,223,2025-12-04,Зачет
3704,124,224,2025-10-04,2
3705,124,225,2025-07-17,Зачет
3706,124,226,2025-09-28,Незачет
3707,124,227,2026-04-15,Незачет
3708,124,228,2025-10-02,3
3709,124,229,2025-09-27,Зачет
3710,124,230,2025-07-18,2
3711,124,231,2025-10-27,2
3712,124,232,2025-05-24,4
3713,124,233,2025-08-17,4
3714,124,234,2025-10-24,Зачет
3715,124,235,2025-11-03,5
3716,124,236,2025-08-17,4
3717,124,237,2025-08-02,Незачет
3718,124,238,2026-03-28,Незачет
3719,124,239,2025-08-19,2
3720,124,240,2025-12-12,Зачет
3721,125,211,2025-05-30,2
3722,125,212,2025-07-04,3
3723,125,213,2026-02-23,Зачет
3724,125,214,2026-02-01,2
3725,125,215,2026-01-21,Незачет
3726,125,216,2025-06-13,Зачет
3727,125,217,2025-06-09,Зачет
3728,125,218,2026-01-21,3
3729,125,219,2025-09-17,Незачет
3730,125,220,2026-03-16,Незачет
3731,125,221,2025-12-03,Незачет
3732,125,222,2025-10-14,3
3733,125,223,2026-02-24,Незачет
3734,125,224,2025-12-22,3
3735,125,225,2025-08-03,Зачет
3736,125,226,2025-12-07,Незачет
3737,125,227,2025-05-30,Зачет
3738,125,228,2026-03-29,2
3739,125,229,2025-10-04,Зачет
3740,125,230,2026-03-20,5
3741,125,231,2025-11-25,3
3742,125,232,2025-10-16,5
3743,125,233,2025-11-30,3
3744,125,234,2026-01-28,Зачет
3745,125,235,2026-04-08,5
3746,125,236,2026-05-05,5
3747,125,237,2025-11-07,Зачет
3748,125,238,2025-12-15,Незачет
3749,125,239,2026-04-14,3
3750,125,240,2025-08-06,Зачет
3751,126,271,2025-11-07,5
3752,126,272,2025-08-31,3
3753,126,273,2025-06-06,5
3754,126,274,2025-10-07,Незачет
3755,126,275,2026-04-22,Зачет
3756,126,276,2026-04-03,Незачет
3757,126,277,2026-02-08,3
3758,126,278,2025-05-20,Незачет
3759,126,279,2025-11-17,Незачет
3760,126,280,2025-12-14,Зачет
3761,126,281,2026-04-21,4
3762,126,282,2025-11-23,3
3763,126,283,2026-03-13,Зачет
3764,126,284,2025-12-14,2
3765,126,285,2026-01-25,4
3766,126,286,2026-01-02,3
3767,126,287,2025-07-03,2
3768,126,288,2025-06-22,5
3769,126,289,2026-02-25,Незачет
3770,126,290,2025-10-28,Незачет
3771,126,291,2025-07-13,Зачет
3772,126,292,2025-07-10,Незачет
3773,126,293,2025-07-28,Зачет
3774,126,294,2026-03-16,4
3775,126,295,2025-07-20,3
3776,126,296,2025-06-25,Зачет
3777,126,297,2025-05-23,Зачет
3778,126,298,2025-10-18,Зачет
3779,126,299,2025-06-06,Незачет
3780,126,300,2026-01-27,Незачет
3781,127,271,2025-10-23,3
3782,127,272,2025-07-24,5
3783,127,273,2026-03-22,5
3784,127,274,2026-01-05,Незачет
3785,127,275,2025-07-03,Зачет
3786,127,276,2026-03-26,Незачет
3787,127,277,2025-12-24,3
3788,127,278,2025-08-15,Зачет
3789,127,279,2025-09-08,Незачет
3790,127,280,2026-04-25,Незачет
3791,127,281,2026-02-13,3
3792,127,282,2026-04-27,3
3793,127,283,2026-03-16,Зачет
3794,127,284,2025-06-02,5
3795,127,285,2025-06-09,2
3796,127,286,2025-10-04,2
3797,127,287,2025-12-09,5
3798,127,288,2025-10-08,2
3799,127,289,2025-12-07,Незачет
3800,127,290,2025-09-10,Незачет
3801,127,291,2026-04-04,Незачет
3802,127,292,2025-08-22,Зачет
3803,127,293,2025-11-24,Незачет
3804,127,294,2025-10-31,5
3805,127,295,2026-04-28,3
3806,127,296,2026-04-11,Зачет
3807,127,297,2025-05-11,Зачет
3808,127,298,2026-03-08,Незачет
3809,127,299,2026-02-03,Зачет
3810,127,300,2026-01-03,Зачет
3811,128,271,2025-12-21,4
3812,128,272,2025-11-25,4
3813,128,273,2026-03-06,3
3814,128,274,2025-10-16,Зачет
3815,128,275,2025-06-19,Зачет
3816,128,276,2025-10-14,Незачет
3817,128,277,2025-07-04,4
3818,128,278,2025-07-03,Зачет
3819,128,279,2025-12-13,Незачет
3820,128,280,2025-12-21,Зачет
3821,128,281,2025-12-19,5
3822,128,282,2026-02-25,5
3823,128,283,2026-05-06,Зачет
3824,128,284,2025-06-14,5
3825,128,285,2026-05-01,3
3826,128,286,2025-06-17,4
3827,128,287,2025-12-11,5
3828,128,288,2026-03-05,2
3829,128,289,2025-06-15,Зачет
3830,128,290,2026-03-08,Незачет
3831,128,291,2025-08-26,Незачет
3832,128,292,2026-04-08,Зачет
3833,128,293,2025-12-01,Незачет
3834,128,294,2026-04-13,5
3835,128,295,2025-09-17,4
3836,128,296,2026-04-12,Зачет
3837,128,297,2025-10-13,Зачет
3838,128,298,2025-08-17,Незачет
3839,128,299,2025-10-02,Зачет
3840,128,300,2026-01-16,Незачет
3841,129,271,2025-11-11,2
3842,129,272,2025-12-15,2
3843,129,273,2025-12-29,5
3844,129,274,2025-11-06,Незачет
3845,129,275,2025-05-21,Незачет
3846,129,276,2025-07-12,Зачет
3847,129,277,2025-08-21,4
3848,129,278,2025-10-10,Незачет
3849,129,279,2025-07-01,Зачет
3850,129,280,2026-01-02,Зачет
3851,129,281,2025-12-29,3
3852,129,282,2026-01-26,3
3853,129,283,2026-01-31,Незачет
3854,129,284,2025-10-10,3
3855,129,285,2025-05-22,2
3856,129,286,2025-10-07,5
3857,129,287,2026-04-17,3
3858,129,288,2026-04-13,3
3859,129,289,2025-09-12,Незачет
3860,129,290,2026-01-30,Незачет
3861,129,291,2025-08-07,Незачет
3862,129,292,2025-05-26,Незачет
3863,129,293,2026-02-20,Незачет
3864,129,294,2025-11-07,2
3865,129,295,2026-04-29,2
3866,129,296,2025-08-19,Незачет
3867,129,297,2026-04-20,Незачет
3868,129,298,2025-09-28,Незачет
3869,129,299,2025-05-14,Незачет
3870,129,300,2025-09-15,Зачет
3871,130,271,2026-03-20,5
3872,130,272,2026-03-11,4
3873,130,273,2025-09-01,5
3874,130,274,2025-09-04,Незачет
3875,130,275,2025-08-23,Зачет
3876,130,276,2026-03-30,Зачет
3877,130,277,2025-11-13,5
3878,130,278,2026-04-05,Зачет
3879,130,279,2026-02-01,Зачет
3880,130,280,2026-01-27,Незачет
3881,130,281,2025-06-14,3
3882,130,282,2026-04-09,4
3883,130,283,2025-08-03,Зачет
3884,130,284,2025-06-28,2
3885,130,285,2025-08-31,3
3886,130,286,2026-02-19,4
3887,130,287,2025-10-26,2
3888,130,288,2026-03-03,3
3889,130,289,2026-03-23,Незачет
3890,130,290,2025-09-08,Зачет
3891,130,291,2025-08-19,Зачет
3892,130,292,2026-02-14,Зачет
3893,130,293,2025-10-15,Незачет
3894,130,294,2025-12-27,5
3895,130,295,2026-01-12,3
3896,130,296,2025-06-10,Незачет
3897,130,297,2025-07-18,Незачет
3898,130,298,2025-10-25,Незачет
3899,130,299,2025-07-28,Незачет
3900,130,300,2026-04-26,Зачет
3901,131,271,2026-03-22,4
3902,131,272,2025-10-12,3
3903,131,273,2026-02-18,2
3904,131,274,2025-11-11,Зачет
3905,131,275,2026-02-25,Зачет
3906,131,276,2025-11-23,Незачет
3907,131,277,2026-04-08,5
3908,131,278,2025-09-29,Незачет
3909,131,279,2026-03-21,Незачет
3910,131,280,2025-05-28,Незачет
3911,131,281,2025-11-23,5
3912,131,282,2026-03-10,5
3913,131,283,2025-07-07,Незачет
3914,131,284,2025-06-01,3
3915,131,285,2025-09-04,4
3916,131,286,2026-02-06,3
3917,131,287,2025-11-19,4
3918,131,288,2025-10-10,3
3919,131,289,2025-06-28,Незачет
3920,131,290,2026-03-06,Незачет
3921,131,291,2026-04-02,Незачет
3922,131,292,2025-11-26,Зачет
3923,131,293,2026-04-13,Зачет
3924,131,294,2025-12-13,4
3925,131,295,2025-05-18,4
3926,131,296,2025-07-13,Незачет
3927,131,297,2025-07-20,Зачет
3928,131,298,2026-04-11,Зачет
3929,131,299,2026-03-26,Незачет
3930,131,300,2025-07-23,Зачет
3931,132,271,2026-03-28,3
3932,132,272,2025-05-29,3
3933,132,273,2025-08-11,3
3934,132,274,2025-05-19,Зачет
3935,132,275,2025-10-31,Зачет
3936,132,276,2025-05-26,Зачет
3937,132,277,2026-04-28,4
3938,132,278,2025-09-23,Зачет
3939,132,279,2026-02-04,Незачет
3940,132,280,2025-07-23,Незачет
3941,132,281,2025-08-21,4
3942,132,282,2025-09-27,3
3943,132,283,2026-03-22,Зачет
3944,132,284,2025-11-03,2
3945,132,285,2025-11-19,4
3946,132,286,2025-10-08,4
3947,132,287,2026-01-08,3
3948,132,288,2026-04-30,4
3949,132,289,2025-06-24,Незачет
3950,132,290,2026-01-26,Зачет
3951,132,291,2025-05-18,Незачет
3952,132,292,2025-08-08,Зачет
3953,132,293,2025-09-28,Зачет
3954,132,294,2025-11-12,5
3955,132,295,2025-12-23,5
3956,132,296,2025-10-27,Зачет
3957,132,297,2025-07-14,Незачет
3958,132,298,2026-04-10,Незачет
3959,132,299,2025-11-07,Зачет
3960,132,300,2025-12-20,Зачет
3961,133,271,2025-12-07,4
3962,133,272,2025-09-19,4
3963,133,273,2025-09-17,5
3964,133,274,2025-07-09,Незачет
3965,133,275,2026-03-28,Зачет
3966,133,276,2026-04-19,Незачет
3967,133,277,2025-08-15,4
3968,133,278,2026-02-21,Зачет
3969,133,279,2026-03-25,Незачет
3970,133,280,2026-01-29,Зачет
3971,133,281,2025-06-11,3
3972,133,282,2025-08-25,2
3973,133,283,2025-05-17,Незачет
3974,133,284,2025-10-04,2
3975,133,285,2025-05-26,5
3976,133,286,2025-07-09,3
3977,133,287,2026-04-03,5
3978,133,288,2025-12-15,4
3979,133,289,2026-03-05,Зачет
3980,133,290,2025-07-29,Незачет
3981,133,291,2026-04-04,Зачет
3982,133,292,2025-07-31,Зачет
3983,133,293,2026-01-13,Зачет
3984,133,294,2025-08-02,4
3985,133,295,2026-01-25,3
3986,133,296,2025-07-26,Зачет
3987,133,297,2025-08-19,Зачет
3988,133,298,2026-01-15,Незачет
3989,133,299,2025-10-13,Зачет
3990,133,300,2025-11-22,Незачет
3991,134,271,2025-05-14,3
3992,134,272,2026-04-07,5
3993,134,273,2026-03-06,4
3994,134,274,2026-03-01,Зачет
3995,134,275,2026-01-26,Незачет
3996,134,276,2025-05-10,Незачет
3997,134,277,2025-11-07,3
3998,134,278,2026-04-25,Незачет
3999,134,279,2025-06-27,Незачет
4000,134,280,2026-01-13,Незачет
4001,134,281,2025-07-13,4
4002,134,282,2025-12-26,2
4003,134,283,2026-03-14,Незачет
4004,134,284,2025-05-10,4
4005,134,285,2025-08-01,4
4006,134,286,2025-08-13,4
4007,134,287,2025-12-29,5
4008,134,288,2026-03-15,2
4009,134,289,2025-09-02,Зачет
4010,134,290,2026-02-07,Незачет
4011,134,291,2026-02-06,Незачет
4012,134,292,2026-01-11,Незачет
4013,134,293,2025-08-21,Незачет
4014,134,294,2025-10-18,3
4015,134,295,2026-04-19,5
4016,134,296,2025-09-30,Незачет
4017,134,297,2026-04-02,Зачет
4018,134,298,2025-09-19,Зачет
4019,134,299,2025-11-01,Зачет
4020,134,300,2025-08-12,Зачет
4021,135,271,2025-07-30,4
4022,135,272,2025-11-04,5
4023,135,273,2025-09-01,4
4024,135,274,2026-01-24,Зачет
4025,135,275,2025-11-25,Незачет
4026,135,276,2026-03-23,Зачет
4027,135,277,2026-01-04,2
4028,135,278,2025-10-08,Незачет
4029,135,279,2025-12-19,Незачет
4030,135,280,2025-06-15,Незачет
4031,135,281,2025-05-09,3
4032,135,282,2025-11-21,5
4033,135,283,2026-01-19,Зачет
4034,135,284,2026-03-30,3
4035,135,285,2026-03-28,3
4036,135,286,2025-09-29,5
4037,135,287,2025-12-11,4
4038,135,288,2026-01-13,5
4039,135,289,2025-12-23,Зачет
4040,135,290,2025-12-29,Незачет
4041,135,291,2025-08-24,Незачет
4042,135,292,2025-08-30,Незачет
4043,135,293,2026-01-27,Незачет
4044,135,294,2025-06-17,3
4045,135,295,2025-11-10,2
4046,135,296,2025-05-31,Зачет
4047,135,297,2025-09-14,Зачет
4048,135,298,2025-08-22,Незачет
4049,135,299,2026-01-10,Незачет
4050,135,300,2025-09-10,Незачет
4051,136,271,2026-04-06,2
4052,136,272,2025-08-22,4
4053,136,273,2025-08-16,5
4054,136,274,2026-01-16,Зачет
4055,136,275,2026-02-07,Незачет
4056,136,276,2026-04-18,Зачет
4057,136,277,2026-01-15,2
4058,136,278,2025-08-31,Зачет
4059,136,279,2025-07-19,Незачет
4060,136,280,2025-07-04,Незачет
4061,136,281,2025-11-23,2
4062,136,282,2026-02-28,4
4063,136,283,2025-08-08,Незачет
4064,136,284,2026-04-21,5
4065,136,285,2025-05-29,4
4066,136,286,2026-03-15,5
4067,136,287,2026-04-04,2
4068,136,288,2026-03-14,4
4069,136,289,2026-03-17,Зачет
4070,136,290,2025-12-26,Незачет
4071,136,291,2025-10-10,Зачет
4072,136,292,2026-01-18,Зачет
4073,136,293,2025-09-08,Зачет
4074,136,294,2026-01-26,4
4075,136,295,2025-06-30,5
4076,136,296,2026-02-11,Зачет
4077,136,297,2025-05-16,Незачет
4078,136,298,2026-01-16,Зачет
4079,136,299,2025-11-16,Зачет
4080,136,300,2025-08-29,Незачет
4081,137,271,2025-08-15,4
4082,137,272,2026-04-24,5
4083,137,273,2025-10-16,4
4084,137,274,2025-10-11,Зачет
4085,137,275,2025-10-04,Незачет
4086,137,276,2026-02-17,Незачет
4087,137,277,2025-05-20,2
4088,137,278,2025-12-19,Зачет
4089,137,279,2026-02-05,Зачет
4090,137,280,2025-12-15,Зачет
4091,137,281,2026-03-19,3
4092,137,282,2025-07-19,4
4093,137,283,2025-09-17,Незачет
4094,137,284,2026-02-13,4
4095,137,285,2026-02-08,4
4096,137,286,2025-08-01,4
4097,137,287,2026-01-28,2
4098,137,288,2025-11-30,4
4099,137,289,2026-01-09,Зачет
4100,137,290,2026-03-07,Зачет
4101,137,291,2025-11-07,Зачет
4102,137,292,2026-04-24,Незачет
4103,137,293,2026-05-07,Незачет
4104,137,294,2026-01-22,5
4105,137,295,2025-09-23,5
4106,137,296,2025-11-20,Незачет
4107,137,297,2025-08-31,Зачет
4108,137,298,2026-03-31,Зачет
4109,137,299,2025-07-12,Зачет
4110,137,300,2026-03-29,Зачет
4111,138,271,2026-01-17,3
4112,138,272,2026-04-12,3
4113,138,273,2025-12-09,2
4114,138,274,2025-07-16,Незачет
4115,138,275,2025-08-29,Незачет
4116,138,276,2025-06-13,Зачет
4117,138,277,2025-11-05,2
4118,138,278,2025-06-25,Зачет
4119,138,279,2026-02-18,Зачет
4120,138,280,2025-08-15,Незачет
4121,138,281,2026-02-12,4
4122,138,282,2026-03-16,4
4123,138,283,2025-12-10,Незачет
4124,138,284,2026-02-27,3
4125,138,285,2026-04-26,5
4126,138,286,2025-07-17,4
4127,138,287,2026-01-25,3
4128,138,288,2026-04-21,4
4129,138,289,2025-09-14,Зачет
4130,138,290,2026-01-16,Зачет
4131,138,291,2025-06-10,Зачет
4132,138,292,2025-08-01,Зачет
4133,138,293,2025-09-21,Зачет
4134,138,294,2025-08-01,3
4135,138,295,2026-02-20,4
4136,138,296,2026-04-10,Зачет
4137,138,297,2025-09-03,Зачет
4138,138,298,2025-10-17,Зачет
4139,138,299,2026-03-09,Зачет
4140,138,300,2026-04-16,Незачет
4141,139,271,2025-09-12,2
4142,139,272,2025-09-28,2
4143,139,273,2025-08-16,2
4144,139,274,2025-12-20,Незачет
4145,139,275,2025-08-29,Незачет
4146,139,276,2025-11-03,Зачет
4147,139,277,2026-04-02,3
4148,139,278,2025-06-21,Зачет
4149,139,279,2025-11-05,Зачет
4150,139,280,2025-05-27,Зачет
4151,139,281,2026-04-08,5
4152,139,282,2026-01-08,2
4153,139,283,2025-12-19,Незачет
4154,139,284,2025-12-18,2
4155,139,285,2026-01-03,2
4156,139,286,2025-06-03,4
4157,139,287,2025-11-06,2
4158,139,288,2026-04-17,2
4159,139,289,2025-07-21,Зачет
4160,139,290,2025-11-17,Зачет
4161,139,291,2025-06-22,Зачет
4162,139,292,2026-04-08,Зачет
4163,139,293,2026-01-26,Незачет
4164,139,294,2025-10-02,2
4165,139,295,2025-11-28,2
4166,139,296,2025-08-30,Зачет
4167,139,297,2025-10-14,Незачет
4168,139,298,2025-05-27,Незачет
4169,139,299,2026-04-10,Незачет
4170,139,300,2026-04-03,Зачет
4171,140,271,2025-07-04,3
4172,140,272,2025-06-29,2
4173,140,273,2025-07-23,2
4174,140,274,2025-09-17,Зачет
4175,140,275,2025-10-12,Зачет
4176,140,276,2025-12-14,Зачет
4177,140,277,2026-04-18,4
4178,140,278,2026-04-24,Зачет
4179,140,279,2025-10-31,Зачет
4180,140,280,2025-07-01,Зачет
4181,140,281,2025-09-06,3
4182,140,282,2026-04-06,5
4183,140,283,2026-02-08,Незачет
4184,140,284,2025-07-16,3
4185,140,285,2026-03-05,5
4186,140,286,2025-06-07,2
4187,140,287,2025-11-12,3
4188,140,288,2025-09-13,4
4189,140,289,2026-01-07,Незачет
4190,140,290,2025-07-14,Незачет
4191,140,291,2025-09-05,Зачет
4192,140,292,2026-01-08,Зачет
4193,140,293,2025-05-29,Незачет
4194,140,294,2025-05-08,2
4195,140,295,2025-10-29,4
4196,140,296,2025-08-21,Зачет
4197,140,297,2025-07-27,Незачет
4198,140,298,2026-02-26,Зачет
4199,140,299,2026-03-03,Зачет
4200,140,300,2025-07-11,Незачет
4201,141,271,2025-12-16,4
4202,141,272,2026-02-27,4
4203,141,273,2025-07-07,2
4204,141,274,2025-11-13,Зачет
4205,141,275,2026-03-07,Незачет
4206,141,276,2026-02-27,Незачет
4207,141,277,2026-03-05,2
4208,141,278,2025-06-10,Незачет
4209,141,279,2025-06-26,Незачет
4210,141,280,2025-12-31,Незачет
4211,141,281,2025-10-22,4
4212,141,282,2026-01-08,5
4213,141,283,2025-10-20,Зачет
4214,141,284,2025-10-10,5
4215,141,285,2025-10-20,4
4216,141,286,2025-11-08,5
4217,141,287,2025-10-02,3
4218,141,288,2025-05-08,2
4219,141,289,2025-05-21,Незачет
4220,141,290,2025-11-30,Незачет
4221,141,291,2025-07-23,Зачет
4222,141,292,2026-02-14,Зачет
4223,141,293,2025-09-28,Незачет
4224,141,294,2025-05-12,2
4225,141,295,2026-04-18,5
4226,141,296,2025-09-09,Незачет
4227,141,297,2026-02-24,Зачет
4228,141,298,2026-03-26,Зачет
4229,141,299,2025-11-29,Зачет
4230,141,300,2025-07-20,Незачет
4231,142,271,2025-05-13,5
4232,142,272,2026-01-24,2
4233,142,273,2025-05-08,3
4234,142,274,2026-01-05,Зачет
4235,142,275,2026-02-15,Незачет
4236,142,276,2025-08-11,Зачет
4237,142,277,2025-08-02,4
4238,142,278,2026-01-31,Зачет
4239,142,279,2026-04-12,Незачет
4240,142,280,2025-09-17,Зачет
4241,142,281,2025-09-05,3
4242,142,282,2025-06-26,5
4243,142,283,2025-06-15,Незачет
4244,142,284,2025-10-02,4
4245,142,285,2025-11-18,4
4246,142,286,2025-12-21,5
4247,142,287,2025-09-02,4
4248,142,288,2025-07-10,5
4249,142,289,2025-06-01,Незачет
4250,142,290,2026-03-22,Незачет
4251,142,291,2025-05-24,Незачет
4252,142,292,2025-08-30,Зачет
4253,142,293,2025-08-27,Незачет
4254,142,294,2025-10-31,2
4255,142,295,2026-02-13,2
4256,142,296,2025-11-25,Незачет
4257,142,297,2025-12-24,Незачет
4258,142,298,2025-11-26,Незачет
4259,142,299,2025-09-15,Зачет
4260,142,300,2025-10-22,Зачет
4261,143,271,2026-04-16,2
4262,143,272,2026-01-28,2
4263,143,273,2025-06-27,2
4264,143,274,2025-09-17,Зачет
4265,143,275,2026-04-22,Незачет
4266,143,276,2025-11-13,Зачет
4267,143,277,2025-09-23,3
4268,143,278,2026-02-22,Незачет
4269,143,279,2025-07-19,Незачет
4270,143,280,2025-07-10,Зачет
4271,143,281,2026-04-24,4
4272,143,282,2026-04-28,2
4273,143,283,2026-03-18,Зачет
4274,143,284,2025-10-10,5
4275,143,285,2025-05-14,5
4276,143,286,2025-08-03,3
4277,143,287,2025-08-02,4
4278,143,288,2026-02-13,5
4279,143,289,2025-06-26,Незачет
4280,143,290,2025-07-28,Незачет
4281,143,291,2026-02-16,Незачет
4282,143,292,2025-05-15,Зачет
4283,143,293,2025-12-22,Зачет
4284,143,294,2025-11-18,5
4285,143,295,2025-07-11,2
4286,143,296,2025-06-23,Незачет
4287,143,297,2025-09-26,Незачет
4288,143,298,2026-02-07,Незачет
4289,143,299,2026-01-14,Незачет
4290,143,300,2026-03-10,Незачет
4291,144,271,2025-05-21,5
4292,144,272,2025-09-29,2
4293,144,273,2026-04-12,2
4294,144,274,2026-01-10,Зачет
4295,144,275,2025-08-14,Незачет
4296,144,276,2026-03-02,Зачет
4297,144,277,2025-11-30,5
4298,144,278,2026-01-04,Незачет
4299,144,279,2025-05-25,Зачет
4300,144,280,2025-12-23,Незачет
4301,144,281,2025-05-25,5
4302,144,282,2026-01-19,5
4303,144,283,2025-06-17,Зачет
4304,144,284,2026-01-15,5
4305,144,285,2026-03-27,5
4306,144,286,2025-05-14,5
4307,144,287,2025-05-25,3
4308,144,288,2026-01-29,2
4309,144,289,2025-06-20,Незачет
4310,144,290,2025-10-15,Незачет
4311,144,291,2025-10-26,Незачет
4312,144,292,2025-10-01,Незачет
4313,144,293,2025-06-23,Незачет
4314,144,294,2025-12-05,4
4315,144,295,2025-08-13,4
4316,144,296,2025-11-07,Зачет
4317,144,297,2026-02-03,Зачет
4318,144,298,2025-07-05,Зачет
4319,144,299,2025-07-25,Зачет
4320,144,300,2026-01-31,Незачет
4321,145,271,2026-01-28,4
4322,145,272,2026-01-06,2
4323,145,273,2025-05-10,4
4324,145,274,2025-08-31,Незачет
4325,145,275,2025-10-17,Зачет
4326,145,276,2026-01-18,Незачет
4327,145,277,2025-06-15,4
4328,145,278,2026-01-19,Незачет
4329,145,279,2025-11-25,Незачет
4330,145,280,2025-08-19,Незачет
4331,145,281,2026-01-03,2
4332,145,282,2025-12-28,3
4333,145,283,2026-02-03,Зачет
4334,145,284,2025-06-29,3
4335,145,285,2025-10-16,4
4336,145,286,2026-03-25,2
4337,145,287,2026-04-20,2
4338,145,288,2025-06-16,4
4339,145,289,2025-11-21,Зачет
4340,145,290,2026-02-10,Незачет
4341,145,291,2026-01-01,Зачет
4342,145,292,2025-06-21,Зачет
4343,145,293,2025-08-24,Незачет
4344,145,294,2025-06-20,2
4345,145,295,2026-03-07,5
4346,145,296,2025-06-17,Незачет
4347,145,297,2025-11-16,Незачет
4348,145,298,2025-07-23,Незачет
4349,145,299,2025-12-29,Зачет
4350,145,300,2025-07-23,Незачет
4351,146,271,2026-03-05,2
4352,146,272,2025-08-17,4
4353,146,273,2026-03-25,5
4354,146,274,2025-11-26,Незачет
4355,146,275,2025-07-24,Незачет
4356,146,276,2025-09-23,Зачет
4357,146,277,2026-02-04,5
4358,146,278,2025-10-13,Зачет
4359,146,279,2025-08-29,Зачет
4360,146,280,2025-07-08,Незачет
4361,146,281,2025-05-22,5
4362,146,282,2025-12-05,4
4363,146,283,2025-11-15,Зачет
4364,146,284,2026-04-25,4
4365,146,285,2025-07-26,4
4366,146,286,2026-01-29,5
4367,146,287,2026-05-04,3
4368,146,288,2025-11-09,5
4369,146,289,2025-09-12,Зачет
4370,146,290,2025-08-06,Зачет
4371,146,291,2025-05-08,Незачет
4372,146,292,2025-05-11,Незачет
4373,146,293,2026-01-22,Зачет
4374,146,294,2025-06-10,4
4375,146,295,2026-04-24,5
4376,146,296,2025-06-18,Зачет
4377,146,297,2026-03-27,Зачет
4378,146,298,2025-12-15,Зачет
4379,146,299,2026-01-21,Незачет
4380,146,300,2025-11-14,Незачет
4381,147,271,2025-07-03,2
4382,147,272,2025-06-10,5
4383,147,273,2026-03-05,5
4384,147,274,2025-11-21,Зачет
4385,147,275,2025-06-05,Незачет
4386,147,276,2026-02-12,Зачет
4387,147,277,2026-02-12,4
4388,147,278,2025-06-15,Незачет
4389,147,279,2026-04-23,Незачет
4390,147,280,2025-08-14,Незачет
4391,147,281,2026-01-12,3
4392,147,282,2025-08-04,5
4393,147,283,2025-10-31,Незачет
4394,147,284,2025-08-29,4
4395,147,285,2025-08-17,5
4396,147,286,2025-11-03,3
4397,147,287,2025-05-26,2
4398,147,288,2025-06-14,3
4399,147,289,2026-03-18,Незачет
4400,147,290,2025-07-13,Зачет
4401,147,291,2026-04-11,Незачет
4402,147,292,2025-05-22,Незачет
4403,147,293,2026-04-02,Незачет
4404,147,294,2025-08-27,2
4405,147,295,2025-09-23,3
4406,147,296,2026-03-14,Незачет
4407,147,297,2026-01-24,Незачет
4408,147,298,2025-09-05,Зачет
4409,147,299,2025-10-19,Зачет
4410,147,300,2026-02-17,Зачет
4411,148,271,2025-06-21,4
4412,148,272,2025-06-12,5
4413,148,273,2026-04-02,5
4414,148,274,2026-02-25,Незачет
4415,148,275,2026-04-17,Зачет
4416,148,276,2025-05-24,Зачет
4417,148,277,2025-05-10,5
4418,148,278,2026-04-02,Незачет
4419,148,279,2025-06-29,Незачет
4420,148,280,2026-01-19,Зачет
4421,148,281,2026-01-13,4
4422,148,282,2025-07-12,3
4423,148,283,2025-09-11,Незачет
4424,148,284,2025-09-22,3
4425,148,285,2026-04-19,2
4426,148,286,2025-10-23,3
4427,148,287,2026-01-03,3
4428,148,288,2025-08-19,2
4429,148,289,2026-04-13,Зачет
4430,148,290,2026-02-15,Незачет
4431,148,291,2025-06-12,Незачет
4432,148,292,2025-09-28,Незачет
4433,148,293,2026-03-19,Незачет
4434,148,294,2025-09-17,5
4435,148,295,2025-07-17,2
4436,148,296,2025-06-20,Зачет
4437,148,297,2025-10-09,Зачет
4438,148,298,2025-10-09,Незачет
4439,148,299,2025-10-31,Зачет
4440,148,300,2025-08-20,Зачет
4441,149,271,2026-03-27,4
4442,149,272,2025-10-03,4
4443,149,273,2026-01-29,3
4444,149,274,2026-04-02,Зачет
4445,149,275,2025-11-08,Незачет
4446,149,276,2026-03-13,Зачет
4447,149,277,2025-10-17,2
4448,149,278,2026-01-13,Зачет
4449,149,279,2026-04-16,Незачет
4450,149,280,2026-03-12,Незачет
4451,149,281,2025-07-10,2
4452,149,282,2025-06-19,5
4453,149,283,2025-06-27,Незачет
4454,149,284,2026-02-01,2
4455,149,285,2026-02-13,5
4456,149,286,2025-05-29,3
4457,149,287,2026-03-30,3
4458,149,288,2025-07-07,2
4459,149,289,2025-06-16,Зачет
4460,149,290,2025-10-15,Незачет
4461,149,291,2026-04-25,Незачет
4462,149,292,2025-12-22,Зачет
4463,149,293,2025-11-10,Зачет
4464,149,294,2026-03-14,2
4465,149,295,2025-12-13,4
4466,149,296,2026-01-25,Незачет
4467,149,297,2025-10-24,Незачет
4468,149,298,2025-07-16,Зачет
4469,149,299,2025-12-30,Незачет
4470,149,300,2025-10-01,Зачет
4471,150,271,2026-03-05,3
4472,150,272,2025-09-23,2
4473,150,273,2025-12-30,3
4474,150,274,2025-05-18,Зачет
4475,150,275,2026-04-06,Незачет
4476,150,276,2026-01-27,Незачет
4477,150,277,2026-04-13,5
4478,150,278,2026-03-28,Незачет
4479,150,279,2026-02-13,Зачет
4480,150,280,2026-04-18,Незачет
4481,150,281,2025-06-26,4
4482,150,282,2025-11-10,2
4483,150,283,2026-04-29,Незачет
4484,150,284,2025-11-12,5
4485,150,285,2025-06-19,5
4486,150,286,2026-04-16,3
4487,150,287,2025-10-13,4
4488,150,288,2025-10-25,3
4489,150,289,2025-05-24,Незачет
4490,150,290,2025-05-31,Незачет
4491,150,291,2025-08-16,Незачет
4492,150,292,2026-01-16,Незачет
4493,150,293,2025-09-06,Зачет
4494,150,294,2025-05-11,2
4495,150,295,2026-02-04,2
4496,150,296,2026-04-09,Зачет
4497,150,297,2026-01-25,Незачет
4498,150,298,2025-11-26,Незачет
4499,150,299,2026-03-01,Незачет
4500,150,300,2026-02-19,Незачет
4501,151,1,2025-12-16,2
4502,151,2,2026-02-12,3
4503,151,3,2025-12-12,Незачет
4504,151,4,2025-08-01,Незачет
4505,151,5,2026-01-22,2
4506,151,6,2026-04-11,5
4507,151,7,2025-09-15,4
4508,151,8,2025-11-24,4
4509,151,9,2025-11-26,Зачет
4510,151,10,2026-01-29,3
4511,151,11,2026-02-03,Незачет
4512,151,12,2026-01-02,3
4513,151,13,2025-06-12,Зачет
4514,151,14,2025-10-22,Незачет
4515,151,15,2026-01-18,4
4516,151,16,2026-02-13,Незачет
4517,151,17,2025-08-11,2
4518,151,18,2025-11-10,4
4519,151,19,2025-09-18,2
4520,151,20,2026-01-19,Незачет
4521,151,21,2026-01-24,5
4522,151,22,2026-01-11,Незачет
4523,151,23,2025-10-03,4
4524,151,24,2025-07-03,5
4525,151,25,2026-03-28,Зачет
4526,151,26,2026-03-23,3
4527,151,27,2025-12-09,4
4528,151,28,2026-04-18,2
4529,151,29,2025-12-31,4
4530,151,30,2025-05-28,Незачет
4531,152,1,2025-05-11,4
4532,152,2,2026-01-11,5
4533,152,3,2026-05-04,Зачет
4534,152,4,2025-07-06,Зачет
4535,152,5,2025-11-19,3
4536,152,6,2026-04-01,5
4537,152,7,2025-11-05,3
4538,152,8,2026-04-02,2
4539,152,9,2025-11-15,Незачет
4540,152,10,2026-04-09,3
4541,152,11,2025-07-10,Незачет
4542,152,12,2025-06-05,4
4543,152,13,2026-02-22,Зачет
4544,152,14,2025-11-13,Зачет
4545,152,15,2025-09-08,3
4546,152,16,2025-08-08,Зачет
4547,152,17,2025-09-12,3
4548,152,18,2025-08-23,5
4549,152,19,2025-05-26,4
4550,152,20,2025-11-19,Незачет
4551,152,21,2025-08-01,5
4552,152,22,2025-12-06,Зачет
4553,152,23,2026-01-11,4
4554,152,24,2025-10-01,3
4555,152,25,2025-10-10,Незачет
4556,152,26,2026-03-20,4
4557,152,27,2025-08-06,3
4558,152,28,2025-06-06,2
4559,152,29,2025-11-01,5
4560,152,30,2025-10-26,Незачет
4561,153,1,2026-03-14,3
4562,153,2,2025-12-15,5
4563,153,3,2025-10-28,Незачет
4564,153,4,2025-06-10,Зачет
4565,153,5,2026-04-04,2
4566,153,6,2025-11-16,2
4567,153,7,2025-10-27,3
4568,153,8,2025-09-06,2
4569,153,9,2025-06-22,Незачет
4570,153,10,2025-11-16,3
4571,153,11,2026-02-20,Незачет
4572,153,12,2026-01-15,3
4573,153,13,2025-05-13,Зачет
4574,153,14,2025-06-15,Незачет
4575,153,15,2025-10-10,5
4576,153,16,2025-10-14,Незачет
4577,153,17,2025-05-20,3
4578,153,18,2025-12-09,2
4579,153,19,2025-12-06,4
4580,153,20,2025-05-07,Зачет
4581,153,21,2026-03-23,2
4582,153,22,2025-06-11,Зачет
4583,153,23,2026-03-10,5
4584,153,24,2025-12-27,5
4585,153,25,2026-01-02,Незачет
4586,153,26,2026-01-09,2
4587,153,27,2025-09-02,3
4588,153,28,2026-04-17,3
4589,153,29,2025-11-20,3
4590,153,30,2025-12-11,Незачет
4591,154,1,2025-07-26,4
4592,154,2,2026-01-16,5
4593,154,3,2026-01-22,Незачет
4594,154,4,2025-10-31,Зачет
4595,154,5,2025-09-16,5
4596,154,6,2025-09-25,3
4597,154,7,2026-03-23,3
4598,154,8,2025-05-28,4
4599,154,9,2026-03-20,Зачет
4600,154,10,2025-08-01,5
4601,154,11,2026-03-30,Зачет
4602,154,12,2025-10-30,5
4603,154,13,2025-09-12,Зачет
4604,154,14,2025-12-10,Зачет
4605,154,15,2026-03-01,4
4606,154,16,2026-01-02,Незачет
4607,154,17,2025-12-25,3
4608,154,18,2025-11-06,5
4609,154,19,2026-02-09,3
4610,154,20,2026-01-17,Незачет
4611,154,21,2025-09-25,5
4612,154,22,2026-02-09,Зачет
4613,154,23,2025-10-29,2
4614,154,24,2025-06-20,5
4615,154,25,2025-06-13,Зачет
4616,154,26,2026-02-25,4
4617,154,27,2026-01-17,5
4618,154,28,2025-08-01,3
4619,154,29,2025-05-07,5
4620,154,30,2025-09-16,Незачет
4621,155,1,2025-09-21,4
4622,155,2,2026-03-25,2
4623,155,3,2026-01-08,Зачет
4624,155,4,2026-03-13,Зачет
4625,155,5,2025-08-28,2
4626,155,6,2025-12-05,4
4627,155,7,2025-11-25,3
4628,155,8,2025-09-29,5
4629,155,9,2026-02-03,Незачет
4630,155,10,2025-06-17,2
4631,155,11,2025-05-24,Зачет
4632,155,12,2026-04-20,4
4633,155,13,2025-07-09,Незачет
4634,155,14,2025-11-14,Незачет
4635,155,15,2025-06-30,5
4636,155,16,2026-03-22,Незачет
4637,155,17,2026-02-09,3
4638,155,18,2026-02-19,2
4639,155,19,2026-02-11,3
4640,155,20,2025-10-12,Незачет
4641,155,21,2025-06-17,3
4642,155,22,2025-08-13,Незачет
4643,155,23,2025-12-30,4
4644,155,24,2025-07-22,5
4645,155,25,2025-07-18,Зачет
4646,155,26,2025-06-22,2
4647,155,27,2026-05-03,4
4648,155,28,2026-04-02,5
4649,155,29,2025-10-06,3
4650,155,30,2025-07-29,Незачет
4651,156,1,2025-10-31,2
4652,156,2,2026-03-23,4
4653,156,3,2026-03-06,Зачет
4654,156,4,2025-07-20,Зачет
4655,156,5,2026-02-09,5
4656,156,6,2025-09-15,4
4657,156,7,2025-06-17,4
4658,156,8,2026-02-25,5
4659,156,9,2025-10-14,Незачет
4660,156,10,2025-05-25,4
4661,156,11,2026-05-01,Незачет
4662,156,12,2026-01-07,4
4663,156,13,2026-03-28,Незачет
4664,156,14,2026-01-23,Зачет
4665,156,15,2025-12-21,4
4666,156,16,2025-06-23,Незачет
4667,156,17,2026-03-02,3
4668,156,18,2026-04-18,5
4669,156,19,2025-10-28,2
4670,156,20,2025-10-31,Зачет
4671,156,21,2026-01-17,3
4672,156,22,2025-12-21,Зачет
4673,156,23,2025-11-18,3
4674,156,24,2025-06-28,3
4675,156,25,2025-11-16,Зачет
4676,156,26,2025-05-08,5
4677,156,27,2025-11-28,4
4678,156,28,2026-02-16,3
4679,156,29,2025-05-25,5
4680,156,30,2025-12-07,Незачет
4681,157,1,2026-05-05,2
4682,157,2,2025-10-22,5
4683,157,3,2026-03-28,Зачет
4684,157,4,2025-12-20,Незачет
4685,157,5,2025-11-10,4
4686,157,6,2026-04-30,5
4687,157,7,2025-11-20,5
4688,157,8,2026-03-06,5
4689,157,9,2026-04-29,Зачет
4690,157,10,2026-04-25,3
4691,157,11,2025-07-14,Зачет
4692,157,12,2026-01-30,4
4693,157,13,2025-12-17,Зачет
4694,157,14,2025-07-13,Зачет
4695,157,15,2026-02-14,4
4696,157,16,2026-03-19,Зачет
4697,157,17,2025-06-25,3
4698,157,18,2025-06-16,4
4699,157,19,2025-10-04,3
4700,157,20,2026-01-17,Зачет
4701,157,21,2025-12-26,3
4702,157,22,2025-12-28,Незачет
4703,157,23,2026-04-14,2
4704,157,24,2025-09-08,3
4705,157,25,2025-11-18,Незачет
4706,157,26,2026-04-14,2
4707,157,27,2025-10-03,4
4708,157,28,2025-10-16,2
4709,157,29,2025-12-29,4
4710,157,30,2026-04-27,Зачет
4711,158,1,2026-01-30,5
4712,158,2,2026-02-27,4
4713,158,3,2025-08-11,Зачет
4714,158,4,2025-08-21,Незачет
4715,158,5,2025-10-08,3
4716,158,6,2025-09-17,2
4717,158,7,2025-08-29,2
4718,158,8,2025-10-29,5
4719,158,9,2026-03-15,Незачет
4720,158,10,2025-06-27,5
4721,158,11,2025-06-29,Незачет
4722,158,12,2025-10-14,2
4723,158,13,2025-12-26,Незачет
4724,158,14,2026-02-02,Зачет
4725,158,15,2026-04-16,5
4726,158,16,2026-02-21,Незачет
4727,158,17,2025-11-21,3
4728,158,18,2025-08-31,3
4729,158,19,2026-03-30,2
4730,158,20,2026-02-03,Незачет
4731,158,21,2025-12-05,4
4732,158,22,2026-04-06,Зачет
4733,158,23,2025-09-05,2
4734,158,24,2026-02-07,5
4735,158,25,2026-02-17,Зачет
4736,158,26,2026-05-05,5
4737,158,27,2025-12-07,4
4738,158,28,2026-01-07,3
4739,158,29,2025-07-30,3
4740,158,30,2025-07-24,Незачет
4741,159,1,2025-07-27,2
4742,159,2,2026-01-04,2
4743,159,3,2026-02-08,Зачет
4744,159,4,2025-08-27,Зачет
4745,159,5,2026-01-28,5
4746,159,6,2025-09-18,5
4747,159,7,2026-04-29,4
4748,159,8,2026-01-23,3
4749,159,9,2025-06-27,Зачет
4750,159,10,2026-02-06,4
4751,159,11,2026-01-14,Незачет
4752,159,12,2025-07-15,5
4753,159,13,2025-11-18,Незачет
4754,159,14,2025-12-03,Зачет
4755,159,15,2026-01-31,4
4756,159,16,2026-01-09,Зачет
4757,159,17,2025-09-09,4
4758,159,18,2026-02-06,3
4759,159,19,2025-06-20,5
4760,159,20,2026-02-26,Незачет
4761,159,21,2025-09-20,5
4762,159,22,2025-12-11,Незачет
4763,159,23,2025-11-09,4
4764,159,24,2025-12-19,5
4765,159,25,2025-12-14,Зачет
4766,159,26,2026-01-21,5
4767,159,27,2026-02-06,4
4768,159,28,2025-10-16,3
4769,159,29,2026-01-23,5
4770,159,30,2026-02-21,Незачет
4771,160,1,2026-04-19,2
4772,160,2,2026-03-29,2
4773,160,3,2025-11-30,Незачет
4774,160,4,2025-08-26,Незачет
4775,160,5,2026-04-12,3
4776,160,6,2026-04-01,3
4777,160,7,2025-10-18,5
4778,160,8,2026-03-16,2
4779,160,9,2025-05-11,Незачет
4780,160,10,2025-11-26,5
4781,160,11,2025-06-17,Незачет
4782,160,12,2025-05-16,2
4783,160,13,2025-10-01,Незачет
4784,160,14,2025-07-02,Незачет
4785,160,15,2025-05-27,3
4786,160,16,2026-01-22,Зачет
4787,160,17,2025-05-28,4
4788,160,18,2025-07-23,3
4789,160,19,2025-08-18,5
4790,160,20,2026-02-22,Незачет
4791,160,21,2026-03-08,2
4792,160,22,2025-07-08,Зачет
4793,160,23,2025-08-26,2
4794,160,24,2026-01-27,2
4795,160,25,2025-08-12,Незачет
4796,160,26,2025-07-02,5
4797,160,27,2026-03-28,2
4798,160,28,2025-05-31,5
4799,160,29,2026-01-30,4
4800,160,30,2026-03-07,Незачет
4801,161,1,2025-08-29,4
4802,161,2,2025-07-25,2
4803,161,3,2026-02-23,Зачет
4804,161,4,2025-12-03,Зачет
4805,161,5,2025-05-19,5
4806,161,6,2025-09-23,3
4807,161,7,2026-03-19,3
4808,161,8,2025-10-29,5
4809,161,9,2025-06-15,Зачет
4810,161,10,2026-01-01,2
4811,161,11,2026-04-09,Незачет
4812,161,12,2026-01-24,4
4813,161,13,2026-02-18,Незачет
4814,161,14,2025-12-11,Незачет
4815,161,15,2026-04-07,5
4816,161,16,2025-08-02,Незачет
4817,161,17,2026-02-19,4
4818,161,18,2026-01-13,3
4819,161,19,2025-12-10,3
4820,161,20,2025-10-05,Зачет
4821,161,21,2025-08-07,2
4822,161,22,2025-11-21,Незачет
4823,161,23,2026-03-07,2
4824,161,24,2026-03-12,5
4825,161,25,2026-03-13,Зачет
4826,161,26,2026-02-01,2
4827,161,27,2025-08-26,5
4828,161,28,2026-01-31,2
4829,161,29,2026-01-20,2
4830,161,30,2025-05-25,Зачет
4831,162,1,2026-05-01,5
4832,162,2,2025-10-02,5
4833,162,3,2025-10-04,Незачет
4834,162,4,2025-10-15,Незачет
4835,162,5,2026-03-09,4
4836,162,6,2026-01-28,4
4837,162,7,2025-09-05,5
4838,162,8,2025-12-07,4
4839,162,9,2025-05-27,Зачет
4840,162,10,2025-05-12,3
4841,162,11,2026-02-19,Зачет
4842,162,12,2025-08-12,2
4843,162,13,2025-07-24,Зачет
4844,162,14,2026-01-03,Зачет
4845,162,15,2026-04-09,2
4846,162,16,2026-03-06,Зачет
4847,162,17,2026-04-06,2
4848,162,18,2026-04-09,3
4849,162,19,2025-10-26,5
4850,162,20,2026-03-25,Зачет
4851,162,21,2025-08-02,3
4852,162,22,2026-04-25,Незачет
4853,162,23,2026-01-08,3
4854,162,24,2026-02-04,2
4855,162,25,2026-02-06,Незачет
4856,162,26,2026-01-13,5
4857,162,27,2025-09-26,3
4858,162,28,2026-02-24,5
4859,162,29,2025-12-21,5
4860,162,30,2025-12-05,Зачет
4861,163,1,2026-02-17,2
4862,163,2,2025-12-27,3
4863,163,3,2025-07-22,Зачет
4864,163,4,2026-03-04,Незачет
4865,163,5,2026-02-12,5
4866,163,6,2025-07-21,5
4867,163,7,2025-08-29,2
4868,163,8,2025-10-28,5
4869,163,9,2025-07-14,Зачет
4870,163,10,2026-01-27,3
4871,163,11,2025-06-04,Незачет
4872,163,12,2025-07-18,5
4873,163,13,2025-07-13,Зачет
4874,163,14,2026-02-16,Незачет
4875,163,15,2025-11-22,2
4876,163,16,2025-06-22,Зачет
4877,163,17,2025-09-30,5
4878,163,18,2025-05-22,5
4879,163,19,2025-10-20,5
4880,163,20,2025-08-23,Незачет
4881,163,21,2025-12-09,2
4882,163,22,2025-08-17,Незачет
4883,163,23,2025-06-26,5
4884,163,24,2025-07-08,5
4885,163,25,2025-12-19,Незачет
4886,163,26,2026-03-31,3
4887,163,27,2025-08-14,2
4888,163,28,2025-05-09,2
4889,163,29,2025-09-12,5
4890,163,30,2025-11-04,Незачет
4891,164,1,2026-02-06,2
4892,164,2,2026-05-06,4
4893,164,3,2025-07-06,Незачет
4894,164,4,2025-05-22,Незачет
4895,164,5,2025-07-05,2
4896,164,6,2026-05-02,5
4897,164,7,2025-09-09,4
4898,164,8,2025-12-24,5
4899,164,9,2025-05-26,Незачет
4900,164,10,2026-03-03,2
4901,164,11,2026-05-04,Зачет
4902,164,12,2026-01-04,4
4903,164,13,2026-01-01,Зачет
4904,164,14,2026-03-30,Незачет
4905,164,15,2026-01-19,4
4906,164,16,2025-08-31,Незачет
4907,164,17,2025-11-13,3
4908,164,18,2026-03-09,3
4909,164,19,2025-12-15,4
4910,164,20,2025-12-06,Незачет
4911,164,21,2025-09-23,3
4912,164,22,2025-06-04,Незачет
4913,164,23,2026-03-07,5
4914,164,24,2026-02-05,5
4915,164,25,2025-09-07,Незачет
4916,164,26,2025-11-27,5
4917,164,27,2025-07-31,3
4918,164,28,2025-07-17,3
4919,164,29,2025-11-25,4
4920,164,30,2025-06-02,Зачет
4921,165,1,2026-03-08,5
4922,165,2,2025-11-19,3
4923,165,3,2025-07-07,Зачет
4924,165,4,2025-10-15,Зачет
4925,165,5,2025-12-03,3
4926,165,6,2025-12-01,5
4927,165,7,2025-10-10,2
4928,165,8,2025-06-11,5
4929,165,9,2025-09-19,Незачет
4930,165,10,2025-07-31,4
4931,165,11,2026-04-15,Зачет
4932,165,12,2025-07-28,3
4933,165,13,2026-01-19,Зачет
4934,165,14,2025-09-12,Зачет
4935,165,15,2025-09-12,4
4936,165,16,2025-09-24,Незачет
4937,165,17,2025-08-29,4
4938,165,18,2025-07-30,3
4939,165,19,2026-02-23,3
4940,165,20,2026-01-02,Зачет
4941,165,21,2025-11-29,2
4942,165,22,2025-11-07,Незачет
4943,165,23,2025-12-11,5
4944,165,24,2026-03-22,2
4945,165,25,2026-02-23,Зачет
4946,165,26,2026-01-14,2
4947,165,27,2025-05-10,3
4948,165,28,2025-06-20,5
4949,165,29,2026-01-21,4
4950,165,30,2025-09-18,Незачет
4951,166,1,2025-10-27,4
4952,166,2,2025-08-08,2
4953,166,3,2026-04-23,Незачет
4954,166,4,2026-01-11,Зачет
4955,166,5,2025-12-31,2
4956,166,6,2026-04-28,2
4957,166,7,2026-01-03,5
4958,166,8,2025-08-09,5
4959,166,9,2025-05-22,Зачет
4960,166,10,2026-01-27,2
4961,166,11,2026-04-15,Зачет
4962,166,12,2025-09-08,2
4963,166,13,2025-10-02,Зачет
4964,166,14,2026-04-27,Зачет
4965,166,15,2026-03-12,2
4966,166,16,2025-06-20,Зачет
4967,166,17,2025-10-03,4
4968,166,18,2025-08-14,3
4969,166,19,2025-12-02,4
4970,166,20,2026-02-12,Незачет
4971,166,21,2025-08-24,5
4972,166,22,2025-05-16,Зачет
4973,166,23,2026-04-25,3
4974,166,24,2025-11-23,4
4975,166,25,2026-03-22,Незачет
4976,166,26,2026-03-02,3
4977,166,27,2025-09-29,2
4978,166,28,2025-11-22,3
4979,166,29,2026-03-14,5
4980,166,30,2025-11-20,Незачет
4981,167,1,2025-10-27,2
4982,167,2,2025-11-12,3
4983,167,3,2025-05-24,Незачет
4984,167,4,2025-08-30,Незачет
4985,167,5,2026-04-20,4
4986,167,6,2026-01-15,3
4987,167,7,2025-07-20,2
4988,167,8,2025-09-08,4
4989,167,9,2025-11-22,Незачет
4990,167,10,2025-06-07,5
4991,167,11,2025-06-13,Незачет
4992,167,12,2025-07-11,3
4993,167,13,2026-03-03,Зачет
4994,167,14,2025-12-01,Незачет
4995,167,15,2025-11-30,3
4996,167,16,2025-05-09,Зачет
4997,167,17,2026-01-05,5
4998,167,18,2025-06-01,5
4999,167,19,2025-07-27,5
5000,167,20,2026-01-22,Незачет
5001,167,21,2026-01-06,4
5002,167,22,2026-03-03,Зачет
5003,167,23,2025-07-28,5
5004,167,24,2026-04-07,3
5005,167,25,2026-01-28,Зачет
5006,167,26,2025-10-18,2
5007,167,27,2026-03-27,2
5008,167,28,2025-06-16,4
5009,167,29,2025-07-25,4
5010,167,30,2025-12-01,Незачет
5011,168,1,2026-03-24,3
5012,168,2,2026-02-03,5
5013,168,3,2026-04-13,Зачет
5014,168,4,2026-02-18,Незачет
5015,168,5,2026-03-04,2
5016,168,6,2025-10-23,3
5017,168,7,2026-01-13,2
5018,168,8,2026-03-20,4
5019,168,9,2026-05-06,Незачет
5020,168,10,2025-06-04,5
5021,168,11,2026-02-21,Незачет
5022,168,12,2026-01-28,4
5023,168,13,2025-07-05,Незачет
5024,168,14,2025-05-16,Зачет
5025,168,15,2025-11-01,4
5026,168,16,2026-02-09,Зачет
5027,168,17,2025-09-12,5
5028,168,18,2025-05-21,5
5029,168,19,2025-06-09,3
5030,168,20,2025-06-04,Незачет
5031,168,21,2025-05-28,4
5032,168,22,2025-07-15,Незачет
5033,168,23,2026-03-11,3
5034,168,24,2025-08-12,4
5035,168,25,2025-12-09,Зачет
5036,168,26,2025-06-03,2
5037,168,27,2025-12-16,4
5038,168,28,2026-03-22,5
5039,168,29,2025-08-03,3
5040,168,30,2026-04-25,Незачет
5041,169,1,2025-08-15,3
5042,169,2,2025-10-12,2
5043,169,3,2025-10-04,Незачет
5044,169,4,2025-10-29,Незачет
5045,169,5,2026-01-06,3
5046,169,6,2025-10-11,2
5047,169,7,2025-10-22,2
5048,169,8,2025-09-06,4
5049,169,9,2025-05-13,Зачет
5050,169,10,2025-10-05,4
5051,169,11,2026-01-23,Незачет
5052,169,12,2025-06-21,2
5053,169,13,2025-11-30,Зачет
5054,169,14,2025-05-09,Незачет
5055,169,15,2026-01-11,4
5056,169,16,2026-02-10,Незачет
5057,169,17,2026-01-02,2
5058,169,18,2025-05-31,2
5059,169,19,2026-02-24,2
5060,169,20,2026-02-20,Незачет
5061,169,21,2025-12-20,4
5062,169,22,2025-05-24,Зачет
5063,169,23,2026-02-03,5
5064,169,24,2026-04-01,4
5065,169,25,2025-06-04,Зачет
5066,169,26,2025-09-22,3
5067,169,27,2026-05-02,4
5068,169,28,2025-11-18,4
5069,169,29,2025-06-17,4
5070,169,30,2025-08-27,Зачет
5071,170,1,2026-03-08,5
5072,170,2,2026-01-28,3
5073,170,3,2025-09-01,Зачет
5074,170,4,2025-12-28,Незачет
5075,170,5,2025-06-09,3
5076,170,6,2025-08-24,4
5077,170,7,2026-02-28,5
5078,170,8,2026-05-01,2
5079,170,9,2025-10-23,Зачет
5080,170,10,2025-10-02,5
5081,170,11,2025-10-07,Незачет
5082,170,12,2026-03-22,2
5083,170,13,2026-01-18,Зачет
5084,170,14,2025-05-18,Зачет
5085,170,15,2025-11-07,5
5086,170,16,2025-07-06,Зачет
5087,170,17,2025-11-30,5
5088,170,18,2025-07-31,3
5089,170,19,2025-06-28,5
5090,170,20,2026-02-21,Зачет
5091,170,21,2025-10-05,4
5092,170,22,2026-03-12,Незачет
5093,170,23,2026-03-12,5
5094,170,24,2026-04-01,4
5095,170,25,2025-12-04,Незачет
5096,170,26,2025-08-29,5
5097,170,27,2026-01-08,5
5098,170,28,2025-07-01,5
5099,170,29,2025-08-30,5
5100,170,30,2026-01-25,Зачет
5101,171,1,2026-04-16,3
5102,171,2,2026-04-27,3
5103,171,3,2026-03-11,Незачет
5104,171,4,2026-04-08,Незачет
5105,171,5,2026-02-14,3
5106,171,6,2026-01-13,2
5107,171,7,2025-09-28,3
5108,171,8,2025-05-11,5
5109,171,9,2025-12-07,Незачет
5110,171,10,2026-04-11,2
5111,171,11,2025-12-08,Зачет
5112,171,12,2025-06-30,4
5113,171,13,2025-06-23,Зачет
5114,171,14,2025-05-23,Незачет
5115,171,15,2025-05-08,2
5116,171,16,2025-12-15,Зачет
5117,171,17,2025-12-24,4
5118,171,18,2025-10-07,4
5119,171,19,2025-12-01,2
5120,171,20,2025-12-05,Зачет
5121,171,21,2025-06-09,2
5122,171,22,2025-09-02,Незачет
5123,171,23,2025-07-27,4
5124,171,24,2026-02-21,4
5125,171,25,2026-02-18,Незачет
5126,171,26,2026-04-22,4
5127,171,27,2026-02-12,5
5128,171,28,2025-09-17,2
5129,171,29,2025-07-28,3
5130,171,30,2025-10-14,Зачет
5131,172,1,2026-04-23,5
5132,172,2,2026-01-12,2
5133,172,3,2026-04-02,Незачет
5134,172,4,2025-11-22,Незачет
5135,172,5,2025-07-01,3
5136,172,6,2025-07-08,3
5137,172,7,2025-07-17,5
5138,172,8,2025-07-31,2
5139,172,9,2026-01-01,Зачет
5140,172,10,2026-03-27,4
5141,172,11,2025-08-13,Зачет
5142,172,12,2025-07-21,2
5143,172,13,2025-06-20,Незачет
5144,172,14,2025-07-16,Незачет
5145,172,15,2026-01-22,4
5146,172,16,2026-03-13,Незачет
5147,172,17,2025-12-13,4
5148,172,18,2026-04-02,5
5149,172,19,2025-05-28,5
5150,172,20,2026-04-02,Зачет
5151,172,21,2026-02-22,3
5152,172,22,2026-05-04,Незачет
5153,172,23,2025-12-06,5
5154,172,24,2025-11-02,5
5155,172,25,2026-01-12,Зачет
5156,172,26,2025-12-06,4
5157,172,27,2025-06-04,2
5158,172,28,2025-08-27,5
5159,172,29,2026-01-22,5
5160,172,30,2025-06-02,Зачет
5161,173,1,2025-08-12,5
5162,173,2,2025-06-14,4
5163,173,3,2025-07-22,Зачет
5164,173,4,2026-02-12,Незачет
5165,173,5,2025-12-18,4
5166,173,6,2025-11-12,2
5167,173,7,2025-09-12,3
5168,173,8,2025-09-22,2
5169,173,9,2025-06-25,Незачет
5170,173,10,2026-01-22,2
5171,173,11,2026-01-16,Зачет
5172,173,12,2025-08-06,3
5173,173,13,2025-06-14,Зачет
5174,173,14,2025-08-25,Зачет
5175,173,15,2026-01-02,5
5176,173,16,2025-06-03,Зачет
5177,173,17,2026-04-21,2
5178,173,18,2025-07-21,3
5179,173,19,2025-09-07,2
5180,173,20,2025-11-11,Незачет
5181,173,21,2025-10-29,3
5182,173,22,2025-09-11,Зачет
5183,173,23,2026-01-01,5
5184,173,24,2026-01-18,2
5185,173,25,2025-09-02,Незачет
5186,173,26,2026-01-31,5
5187,173,27,2025-12-19,2
5188,173,28,2025-07-05,5
5189,173,29,2025-12-12,2
5190,173,30,2025-12-13,Незачет
5191,174,1,2025-09-25,5
5192,174,2,2026-03-16,3
5193,174,3,2025-09-06,Незачет
5194,174,4,2025-10-20,Зачет
5195,174,5,2025-07-11,4
5196,174,6,2025-05-08,5
5197,174,7,2025-09-05,4
5198,174,8,2025-08-10,2
5199,174,9,2026-03-08,Зачет
5200,174,10,2025-08-01,2
5201,174,11,2026-02-07,Зачет
5202,174,12,2026-02-18,4
5203,174,13,2026-01-10,Зачет
5204,174,14,2025-10-23,Зачет
5205,174,15,2025-08-22,4
5206,174,16,2026-03-29,Зачет
5207,174,17,2025-09-23,3
5208,174,18,2025-06-28,4
5209,174,19,2026-01-25,5
5210,174,20,2026-02-15,Зачет
5211,174,21,2025-09-12,2
5212,174,22,2026-04-12,Незачет
5213,174,23,2025-11-09,3
5214,174,24,2025-11-02,2
5215,174,25,2025-10-26,Зачет
5216,174,26,2025-09-23,4
5217,174,27,2026-03-03,5
5218,174,28,2025-09-02,2
5219,174,29,2025-11-12,4
5220,174,30,2025-12-07,Зачет
5221,175,1,2025-06-18,5
5222,175,2,2025-07-14,4
5223,175,3,2026-01-12,Незачет
5224,175,4,2025-12-28,Незачет
5225,175,5,2025-06-07,2
5226,175,6,2026-03-29,2
5227,175,7,2025-08-23,3
5228,175,8,2026-04-05,3
5229,175,9,2026-03-23,Зачет
5230,175,10,2025-06-30,5
5231,175,11,2026-04-18,Незачет
5232,175,12,2025-12-02,2
5233,175,13,2025-07-22,Незачет
5234,175,14,2025-08-17,Зачет
5235,175,15,2026-02-15,4
5236,175,16,2026-04-16,Незачет
5237,175,17,2026-01-05,5
5238,175,18,2025-06-05,2
5239,175,19,2026-02-13,5
5240,175,20,2025-06-05,Зачет
5241,175,21,2026-04-18,5
5242,175,22,2025-05-14,Зачет
5243,175,23,2026-04-01,2
5244,175,24,2025-11-19,4
5245,175,25,2026-01-07,Зачет
5246,175,26,2025-05-19,3
5247,175,27,2026-03-18,3
5248,175,28,2025-12-18,4
5249,175,29,2025-12-17,5
5250,175,30,2025-10-11,Незачет
5251,176,181,2026-03-01,Зачет
5252,176,182,2025-12-22,Зачет
5253,176,183,2025-07-28,3
5254,176,184,2026-04-23,4
5255,176,185,2025-05-21,3
5256,176,186,2025-12-07,3
5257,176,187,2025-08-16,5
5258,176,188,2025-12-04,Незачет
5259,176,189,2026-04-19,Зачет
5260,176,190,2025-12-02,Зачет
5261,176,191,2025-11-06,5
5262,176,192,2026-01-15,Незачет
5263,176,193,2026-03-04,3
5264,176,194,2025-07-03,Зачет
5265,176,195,2025-09-26,2
5266,176,196,2025-10-06,Незачет
5267,176,197,2025-08-01,4
5268,176,198,2026-04-18,Незачет
5269,176,199,2026-03-02,Незачет
5270,176,200,2025-12-21,4
5271,176,201,2026-02-15,3
5272,176,202,2026-04-04,Незачет
5273,176,203,2025-08-28,Зачет
5274,176,204,2025-06-27,3
5275,176,205,2025-11-03,Зачет
5276,176,206,2025-11-17,Незачет
5277,176,207,2025-11-21,Зачет
5278,176,208,2025-06-11,Незачет
5279,176,209,2025-10-08,2
5280,176,210,2025-09-25,3
5281,177,181,2025-11-18,Незачет
5282,177,182,2025-05-11,Незачет
5283,177,183,2026-01-19,3
5284,177,184,2025-08-07,4
5285,177,185,2026-04-01,4
5286,177,186,2026-03-16,4
5287,177,187,2025-12-31,5
5288,177,188,2026-01-27,Незачет
5289,177,189,2025-07-10,Зачет
5290,177,190,2026-02-25,Незачет
5291,177,191,2025-11-22,4
5292,177,192,2025-06-30,Зачет
5293,177,193,2025-10-27,5
5294,177,194,2025-07-07,Незачет
5295,177,195,2025-07-15,2
5296,177,196,2025-12-12,Зачет
5297,177,197,2025-12-12,2
5298,177,198,2026-01-18,Незачет
5299,177,199,2026-04-10,Зачет
5300,177,200,2025-07-02,2
5301,177,201,2026-02-16,3
5302,177,202,2026-02-15,Незачет
5303,177,203,2025-11-10,Незачет
5304,177,204,2026-05-06,5
5305,177,205,2025-09-23,Зачет
5306,177,206,2025-05-22,Зачет
5307,177,207,2025-07-30,Зачет
5308,177,208,2026-02-26,Незачет
5309,177,209,2025-11-12,2
5310,177,210,2025-08-05,4
5311,178,181,2025-05-31,Незачет
5312,178,182,2025-08-17,Незачет
5313,178,183,2025-09-27,5
5314,178,184,2025-08-05,3
5315,178,185,2025-05-23,2
5316,178,186,2026-01-21,2
5317,178,187,2025-07-26,5
5318,178,188,2025-11-24,Незачет
5319,178,189,2026-04-24,Зачет
5320,178,190,2026-03-10,Незачет
5321,178,191,2025-09-24,2
5322,178,192,2025-10-04,Зачет
5323,178,193,2025-11-05,2
5324,178,194,2026-04-28,Незачет
5325,178,195,2025-10-30,4
5326,178,196,2026-04-14,Зачет
5327,178,197,2025-05-25,2
5328,178,198,2025-05-22,Незачет
5329,178,199,2026-01-13,Зачет
5330,178,200,2025-09-09,3
5331,178,201,2025-06-16,5
5332,178,202,2026-02-04,Незачет
5333,178,203,2025-11-25,Зачет
5334,178,204,2026-01-08,4
5335,178,205,2026-03-25,Незачет
5336,178,206,2025-08-21,Зачет
5337,178,207,2026-03-27,Зачет
5338,178,208,2026-02-19,Зачет
5339,178,209,2025-08-17,5
5340,178,210,2025-12-17,2
5341,179,181,2025-12-04,Незачет
5342,179,182,2025-12-14,Незачет
5343,179,183,2025-07-13,3
5344,179,184,2025-09-30,3
5345,179,185,2026-01-15,3
5346,179,186,2025-10-01,2
5347,179,187,2025-09-25,3
5348,179,188,2025-12-21,Зачет
5349,179,189,2026-01-15,Зачет
5350,179,190,2026-04-20,Незачет
5351,179,191,2026-03-27,3
5352,179,192,2025-06-06,Незачет
5353,179,193,2025-11-23,3
5354,179,194,2025-08-12,Зачет
5355,179,195,2025-09-30,4
5356,179,196,2026-04-24,Незачет
5357,179,197,2025-08-01,2
5358,179,198,2025-11-23,Незачет
5359,179,199,2025-10-11,Зачет
5360,179,200,2025-09-21,4
5361,179,201,2026-03-20,5
5362,179,202,2026-04-08,Незачет
5363,179,203,2025-09-17,Незачет
5364,179,204,2025-11-12,2
5365,179,205,2026-03-10,Незачет
5366,179,206,2025-11-10,Незачет
5367,179,207,2026-04-16,Незачет
5368,179,208,2025-12-27,Зачет
5369,179,209,2025-05-09,3
5370,179,210,2025-11-17,2
5371,180,181,2026-04-14,Незачет
5372,180,182,2025-06-29,Незачет
5373,180,183,2025-10-24,5
5374,180,184,2025-07-10,4
5375,180,185,2025-08-04,2
5376,180,186,2025-06-05,5
5377,180,187,2025-11-22,3
5378,180,188,2026-01-11,Незачет
5379,180,189,2025-08-24,Зачет
5380,180,190,2025-07-28,Зачет
5381,180,191,2025-07-04,3
5382,180,192,2025-07-18,Незачет
5383,180,193,2025-07-07,2
5384,180,194,2025-09-24,Зачет
5385,180,195,2025-12-26,3
5386,180,196,2026-02-09,Зачет
5387,180,197,2026-03-20,4
5388,180,198,2025-06-21,Незачет
5389,180,199,2026-01-18,Зачет
5390,180,200,2025-08-04,2
5391,180,201,2025-10-15,2
5392,180,202,2026-03-18,Незачет
5393,180,203,2025-09-12,Незачет
5394,180,204,2026-02-10,2
5395,180,205,2025-06-20,Незачет
5396,180,206,2025-11-10,Незачет
5397,180,207,2026-01-24,Зачет
5398,180,208,2025-11-08,Зачет
5399,180,209,2025-11-09,5
5400,180,210,2025-07-27,3
5401,181,181,2025-12-22,Незачет
5402,181,182,2025-07-08,Зачет
5403,181,183,2026-01-13,4
5404,181,184,2026-03-26,3
5405,181,185,2025-10-13,2
5406,181,186,2025-05-15,5
5407,181,187,2025-08-09,2
5408,181,188,2025-05-23,Незачет
5409,181,189,2025-06-25,Зачет
5410,181,190,2025-12-15,Зачет
5411,181,191,2025-12-23,2
5412,181,192,2025-07-08,Зачет
5413,181,193,2025-06-28,5
5414,181,194,2026-01-06,Незачет
5415,181,195,2025-11-22,2
5416,181,196,2025-05-22,Зачет
5417,181,197,2026-04-17,2
5418,181,198,2025-12-15,Незачет
5419,181,199,2025-07-03,Зачет
5420,181,200,2025-05-28,4
5421,181,201,2025-07-10,5
5422,181,202,2025-08-15,Зачет
5423,181,203,2026-04-30,Зачет
5424,181,204,2025-07-15,2
5425,181,205,2025-11-23,Зачет
5426,181,206,2025-10-11,Незачет
5427,181,207,2025-12-25,Незачет
5428,181,208,2025-12-11,Незачет
5429,181,209,2026-01-09,2
5430,181,210,2025-05-14,5
5431,182,181,2026-04-13,Зачет
5432,182,182,2026-02-10,Зачет
5433,182,183,2026-02-13,5
5434,182,184,2026-01-18,5
5435,182,185,2026-03-21,5
5436,182,186,2025-08-25,5
5437,182,187,2025-06-09,2
5438,182,188,2025-07-30,Незачет
5439,182,189,2025-10-28,Зачет
5440,182,190,2025-12-28,Незачет
5441,182,191,2025-11-06,4
5442,182,192,2026-04-08,Зачет
5443,182,193,2025-11-10,2
5444,182,194,2025-07-12,Зачет
5445,182,195,2025-07-31,2
5446,182,196,2026-03-25,Зачет
5447,182,197,2025-10-13,3
5448,182,198,2025-12-26,Зачет
5449,182,199,2025-07-01,Незачет
5450,182,200,2026-03-11,4
5451,182,201,2025-12-19,5
5452,182,202,2026-03-21,Незачет
5453,182,203,2026-03-01,Незачет
5454,182,204,2025-07-16,3
5455,182,205,2026-01-04,Зачет
5456,182,206,2026-01-18,Зачет
5457,182,207,2025-11-21,Зачет
5458,182,208,2025-08-17,Зачет
5459,182,209,2025-07-11,3
5460,182,210,2026-02-12,4
5461,183,181,2026-01-28,Незачет
5462,183,182,2025-09-17,Незачет
5463,183,183,2026-04-30,4
5464,183,184,2025-10-30,3
5465,183,185,2025-12-24,3
5466,183,186,2025-12-22,5
5467,183,187,2025-06-02,4
5468,183,188,2025-08-04,Незачет
5469,183,189,2025-09-30,Незачет
5470,183,190,2025-10-03,Незачет
5471,183,191,2025-06-27,2
5472,183,192,2025-06-18,Зачет
5473,183,193,2025-05-13,2
5474,183,194,2025-07-24,Зачет
5475,183,195,2025-11-26,2
5476,183,196,2026-04-05,Незачет
5477,183,197,2026-04-25,4
5478,183,198,2025-11-18,Зачет
5479,183,199,2026-01-27,Зачет
5480,183,200,2025-10-17,3
5481,183,201,2026-03-23,2
5482,183,202,2025-07-04,Незачет
5483,183,203,2025-12-28,Зачет
5484,183,204,2025-06-13,5
5485,183,205,2025-07-14,Незачет
5486,183,206,2025-11-07,Незачет
5487,183,207,2026-04-22,Незачет
5488,183,208,2025-12-31,Незачет
5489,183,209,2025-12-25,5
5490,183,210,2025-05-22,4
5491,184,181,2026-04-12,Зачет
5492,184,182,2026-03-07,Зачет
5493,184,183,2025-11-29,5
5494,184,184,2025-11-18,2
5495,184,185,2026-02-23,5
5496,184,186,2025-06-21,3
5497,184,187,2025-06-12,2
5498,184,188,2025-11-10,Зачет
5499,184,189,2026-01-18,Зачет
5500,184,190,2025-06-26,Незачет
5501,184,191,2026-04-22,3
5502,184,192,2025-12-27,Зачет
5503,184,193,2025-12-02,5
5504,184,194,2026-03-24,Незачет
5505,184,195,2025-05-07,5
5506,184,196,2026-04-20,Зачет
5507,184,197,2026-05-06,5
5508,184,198,2026-03-03,Зачет
5509,184,199,2026-01-25,Зачет
5510,184,200,2026-01-14,4
5511,184,201,2025-10-21,2
5512,184,202,2025-11-25,Зачет
5513,184,203,2025-10-17,Незачет
5514,184,204,2025-09-27,2
5515,184,205,2026-04-11,Зачет
5516,184,206,2025-05-23,Зачет
5517,184,207,2026-02-01,Незачет
5518,184,208,2025-11-28,Незачет
5519,184,209,2025-10-20,3
5520,184,210,2025-08-04,4
5521,185,181,2026-05-06,Зачет
5522,185,182,2026-03-14,Зачет
5523,185,183,2025-11-10,3
5524,185,184,2026-03-09,3
5525,185,185,2026-03-01,4
5526,185,186,2025-10-02,3
5527,185,187,2025-09-20,3
5528,185,188,2025-12-21,Незачет
5529,185,189,2026-03-15,Зачет
5530,185,190,2026-02-18,Незачет
5531,185,191,2026-04-24,3
5532,185,192,2026-02-26,Зачет
5533,185,193,2026-03-28,3
5534,185,194,2026-02-01,Зачет
5535,185,195,2025-12-16,3
5536,185,196,2025-06-13,Незачет
5537,185,197,2025-10-19,2
5538,185,198,2025-06-27,Зачет
5539,185,199,2025-08-13,Зачет
5540,185,200,2025-11-08,5
5541,185,201,2026-02-28,2
5542,185,202,2025-08-05,Незачет
5543,185,203,2026-04-25,Зачет
5544,185,204,2026-04-05,4
5545,185,205,2025-06-08,Незачет
5546,185,206,2025-08-25,Зачет
5547,185,207,2025-12-25,Незачет
5548,185,208,2026-04-12,Незачет
5549,185,209,2025-12-04,3
5550,185,210,2025-10-12,5
5551,186,181,2025-08-15,Зачет
5552,186,182,2025-07-19,Зачет
5553,186,183,2025-05-09,3
5554,186,184,2026-02-06,3
5555,186,185,2026-02-19,3
5556,186,186,2026-03-09,3
5557,186,187,2025-05-09,5
5558,186,188,2025-12-17,Незачет
5559,186,189,2025-11-25,Незачет
5560,186,190,2025-06-21,Незачет
5561,186,191,2025-11-24,3
5562,186,192,2025-05-09,Зачет
5563,186,193,2025-09-29,3
5564,186,194,2026-01-16,Незачет
5565,186,195,2025-07-25,3
5566,186,196,2026-01-29,Незачет
5567,186,197,2026-03-15,3
5568,186,198,2025-09-06,Зачет
5569,186,199,2025-10-12,Незачет
5570,186,200,2025-09-24,3
5571,186,201,2025-06-17,5
5572,186,202,2025-07-06,Зачет
5573,186,203,2025-10-19,Зачет
5574,186,204,2026-01-15,5
5575,186,205,2025-12-20,Зачет
5576,186,206,2025-08-13,Зачет
5577,186,207,2025-08-16,Незачет
5578,186,208,2026-04-04,Незачет
5579,186,209,2025-12-01,5
5580,186,210,2025-10-18,5
5581,187,181,2025-12-12,Зачет
5582,187,182,2025-09-26,Незачет
5583,187,183,2025-12-30,4
5584,187,184,2025-08-22,5
5585,187,185,2026-01-26,5
5586,187,186,2025-10-08,5
5587,187,187,2026-02-24,4
5588,187,188,2025-07-25,Незачет
5589,187,189,2025-10-14,Зачет
5590,187,190,2025-12-07,Зачет
5591,187,191,2026-03-07,3
5592,187,192,2025-12-09,Зачет
5593,187,193,2025-11-10,5
5594,187,194,2025-07-15,Зачет
5595,187,195,2025-09-27,5
5596,187,196,2025-12-10,Зачет
5597,187,197,2025-12-08,4
5598,187,198,2025-11-10,Незачет
5599,187,199,2025-08-13,Незачет
5600,187,200,2025-09-03,3
5601,187,201,2025-12-17,4
5602,187,202,2025-09-17,Незачет
5603,187,203,2026-03-03,Зачет
5604,187,204,2026-02-04,3
5605,187,205,2025-10-08,Зачет
5606,187,206,2026-02-16,Незачет
5607,187,207,2025-06-29,Незачет
5608,187,208,2026-04-04,Незачет
5609,187,209,2026-04-07,3
5610,187,210,2026-01-18,2
5611,188,181,2025-06-22,Незачет
5612,188,182,2026-02-21,Незачет
5613,188,183,2025-08-04,5
5614,188,184,2025-10-27,5
5615,188,185,2026-03-07,5
5616,188,186,2026-02-02,5
5617,188,187,2025-07-08,5
5618,188,188,2025-06-14,Незачет
5619,188,189,2025-07-29,Незачет
5620,188,190,2025-11-20,Незачет
5621,188,191,2025-10-09,4
5622,188,192,2026-03-08,Незачет
5623,188,193,2025-09-15,2
5624,188,194,2026-03-14,Зачет
5625,188,195,2025-12-06,5
5626,188,196,2025-12-31,Зачет
5627,188,197,2026-02-01,4
5628,188,198,2026-01-27,Зачет
5629,188,199,2026-02-05,Незачет
5630,188,200,2025-05-27,2
5631,188,201,2025-07-08,4
5632,188,202,2025-10-05,Зачет
5633,188,203,2026-01-08,Незачет
5634,188,204,2025-05-09,3
5635,188,205,2026-03-15,Зачет
5636,188,206,2025-06-11,Зачет
5637,188,207,2026-03-22,Зачет
5638,188,208,2025-07-02,Незачет
5639,188,209,2025-11-06,2
5640,188,210,2026-05-01,3
5641,189,181,2025-12-26,Незачет
5642,189,182,2025-10-23,Зачет
5643,189,183,2025-06-10,4
5644,189,184,2025-05-31,4
5645,189,185,2025-08-17,4
5646,189,186,2025-08-01,4
5647,189,187,2025-09-28,3
5648,189,188,2025-06-07,Зачет
5649,189,189,2025-12-29,Незачет
5650,189,190,2025-05-21,Зачет
5651,189,191,2026-02-12,4
5652,189,192,2025-10-03,Незачет
5653,189,193,2026-05-03,4
5654,189,194,2025-10-09,Незачет
5655,189,195,2025-12-31,5
5656,189,196,2026-01-16,Зачет
5657,189,197,2025-11-25,5
5658,189,198,2025-08-26,Зачет
5659,189,199,2026-02-07,Незачет
5660,189,200,2025-12-25,3
5661,189,201,2025-05-29,3
5662,189,202,2026-03-03,Зачет
5663,189,203,2026-03-21,Незачет
5664,189,204,2025-07-14,3
5665,189,205,2026-01-10,Незачет
5666,189,206,2025-11-14,Незачет
5667,189,207,2025-10-24,Незачет
5668,189,208,2025-05-11,Зачет
5669,189,209,2025-07-24,4
5670,189,210,2026-04-02,3
5671,190,181,2026-01-17,Незачет
5672,190,182,2026-05-03,Незачет
5673,190,183,2026-03-15,3
5674,190,184,2025-11-24,5
5675,190,185,2025-08-26,5
5676,190,186,2025-07-21,2
5677,190,187,2025-05-20,4
5678,190,188,2026-03-07,Зачет
5679,190,189,2025-12-25,Зачет
5680,190,190,2025-11-21,Незачет
5681,190,191,2025-11-23,2
5682,190,192,2026-02-02,Незачет
5683,190,193,2025-08-04,4
5684,190,194,2025-12-31,Незачет
5685,190,195,2025-07-11,3
5686,190,196,2026-01-23,Незачет
5687,190,197,2025-05-21,5
5688,190,198,2025-09-23,Незачет
5689,190,199,2025-08-07,Незачет
5690,190,200,2026-01-16,4
5691,190,201,2025-05-07,2
5692,190,202,2025-07-07,Зачет
5693,190,203,2025-06-09,Зачет
5694,190,204,2025-08-22,3
5695,190,205,2026-03-05,Незачет
5696,190,206,2025-10-09,Незачет
5697,190,207,2025-09-21,Незачет
5698,190,208,2026-01-22,Зачет
5699,190,209,2025-10-07,5
5700,190,210,2025-10-11,2
5701,191,181,2025-12-20,Незачет
5702,191,182,2025-07-23,Зачет
5703,191,183,2025-11-24,5
5704,191,184,2025-05-12,2
5705,191,185,2026-02-17,4
5706,191,186,2026-02-04,5
5707,191,187,2025-06-02,4
5708,191,188,2026-04-28,Зачет
5709,191,189,2025-06-11,Зачет
5710,191,190,2025-12-06,Зачет
5711,191,191,2025-08-25,3
5712,191,192,2026-02-13,Зачет
5713,191,193,2026-03-25,5
5714,191,194,2025-12-10,Зачет
5715,191,195,2026-04-27,3
5716,191,196,2025-12-19,Зачет
5717,191,197,2025-09-19,2
5718,191,198,2025-09-18,Незачет
5719,191,199,2026-03-19,Незачет
5720,191,200,2025-08-22,3
5721,191,201,2025-08-02,3
5722,191,202,2025-12-28,Незачет
5723,191,203,2025-07-21,Зачет
5724,191,204,2025-10-30,5
5725,191,205,2026-05-03,Зачет
5726,191,206,2025-10-10,Незачет
5727,191,207,2025-12-16,Зачет
5728,191,208,2025-05-08,Зачет
5729,191,209,2025-08-16,4
5730,191,210,2025-07-13,5
5731,192,181,2025-10-12,Незачет
5732,192,182,2025-11-19,Зачет
5733,192,183,2025-06-17,2
5734,192,184,2025-12-09,3
5735,192,185,2025-06-04,5
5736,192,186,2025-11-18,5
5737,192,187,2025-08-29,2
5738,192,188,2025-09-16,Незачет
5739,192,189,2025-06-21,Зачет
5740,192,190,2026-03-14,Зачет
5741,192,191,2025-11-22,3
5742,192,192,2025-08-15,Незачет
5743,192,193,2026-04-12,5
5744,192,194,2025-12-01,Незачет
5745,192,195,2026-03-18,3
5746,192,196,2026-03-11,Незачет
5747,192,197,2025-12-16,3
5748,192,198,2025-08-12,Незачет
5749,192,199,2026-01-31,Незачет
5750,192,200,2025-10-25,3
5751,192,201,2025-09-30,2
5752,192,202,2025-12-11,Зачет
5753,192,203,2025-11-10,Незачет
5754,192,204,2026-03-02,2
5755,192,205,2025-08-09,Незачет
5756,192,206,2026-02-25,Зачет
5757,192,207,2025-09-15,Незачет
5758,192,208,2026-03-04,Незачет
5759,192,209,2025-11-01,5
5760,192,210,2026-01-26,5
5761,193,181,2025-11-01,Зачет
5762,193,182,2026-04-20,Зачет
5763,193,183,2025-12-20,4
5764,193,184,2026-04-06,5
5765,193,185,2025-05-17,4
5766,193,186,2025-11-10,4
5767,193,187,2025-06-21,5
5768,193,188,2025-08-15,Зачет
5769,193,189,2025-06-02,Незачет
5770,193,190,2025-10-02,Зачет
5771,193,191,2026-01-08,3
5772,193,192,2026-03-09,Незачет
5773,193,193,2025-07-31,5
5774,193,194,2026-01-24,Незачет
5775,193,195,2026-02-03,3
5776,193,196,2025-08-04,Зачет
5777,193,197,2026-03-13,5
5778,193,198,2025-09-06,Зачет
5779,193,199,2025-10-14,Зачет
5780,193,200,2025-09-21,3
5781,193,201,2025-11-23,4
5782,193,202,2025-12-01,Незачет
5783,193,203,2025-05-10,Зачет
5784,193,204,2026-02-03,3
5785,193,205,2026-03-26,Незачет
5786,193,206,2025-08-17,Незачет
5787,193,207,2025-08-11,Зачет
5788,193,208,2025-08-26,Незачет
5789,193,209,2025-06-12,2
5790,193,210,2025-10-08,2
5791,194,181,2026-01-23,Незачет
5792,194,182,2026-02-21,Незачет
5793,194,183,2026-03-21,5
5794,194,184,2025-09-16,3
5795,194,185,2025-06-05,4
5796,194,186,2025-12-08,3
5797,194,187,2026-05-03,2
5798,194,188,2025-07-15,Незачет
5799,194,189,2025-11-08,Зачет
5800,194,190,2025-09-05,Зачет
5801,194,191,2025-09-21,5
5802,194,192,2025-07-30,Незачет
5803,194,193,2026-04-19,4
5804,194,194,2025-12-15,Незачет
5805,194,195,2025-08-19,3
5806,194,196,2025-07-16,Незачет
5807,194,197,2026-02-20,2
5808,194,198,2026-01-27,Зачет
5809,194,199,2026-05-03,Незачет
5810,194,200,2026-04-25,2
5811,194,201,2025-07-19,3
5812,194,202,2025-11-16,Незачет
5813,194,203,2026-02-17,Незачет
5814,194,204,2025-07-23,5
5815,194,205,2025-08-06,Незачет
5816,194,206,2026-02-16,Зачет
5817,194,207,2025-08-09,Зачет
5818,194,208,2026-04-10,Зачет
5819,194,209,2025-08-18,5
5820,194,210,2025-07-26,3
5821,195,181,2025-08-04,Незачет
5822,195,182,2025-07-24,Незачет
5823,195,183,2026-03-27,3
5824,195,184,2025-08-11,3
5825,195,185,2026-03-27,2
5826,195,186,2026-01-02,2
5827,195,187,2025-09-22,3
5828,195,188,2025-07-06,Незачет
5829,195,189,2026-03-05,Зачет
5830,195,190,2025-06-17,Незачет
5831,195,191,2025-06-22,3
5832,195,192,2026-04-29,Зачет
5833,195,193,2025-06-06,2
5834,195,194,2026-01-24,Незачет
5835,195,195,2026-01-19,3
5836,195,196,2025-11-14,Незачет
5837,195,197,2025-12-31,4
5838,195,198,2025-05-09,Зачет
5839,195,199,2026-02-27,Зачет
5840,195,200,2026-04-04,2
5841,195,201,2025-12-03,3
5842,195,202,2025-05-23,Незачет
5843,195,203,2026-04-01,Зачет
5844,195,204,2025-11-10,2
5845,195,205,2025-09-28,Незачет
5846,195,206,2026-01-03,Незачет
5847,195,207,2025-09-06,Незачет
5848,195,208,2025-11-14,Зачет
5849,195,209,2026-04-20,2
5850,195,210,2026-04-14,2
5851,196,181,2026-04-20,Незачет
5852,196,182,2025-12-16,Зачет
5853,196,183,2026-04-09,3
5854,196,184,2025-08-21,4
5855,196,185,2025-11-13,3
5856,196,186,2025-07-17,3
5857,196,187,2026-02-27,2
5858,196,188,2026-04-27,Зачет
5859,196,189,2025-11-21,Незачет
5860,196,190,2025-08-23,Зачет
5861,196,191,2025-10-08,2
5862,196,192,2025-08-01,Незачет
5863,196,193,2026-02-22,3
5864,196,194,2025-12-16,Зачет
5865,196,195,2025-06-25,3
5866,196,196,2025-05-28,Зачет
5867,196,197,2025-11-27,3
5868,196,198,2026-03-13,Зачет
5869,196,199,2025-10-18,Зачет
5870,196,200,2025-11-08,5
5871,196,201,2026-05-06,2
5872,196,202,2025-12-03,Незачет
5873,196,203,2025-05-19,Незачет
5874,196,204,2025-11-18,3
5875,196,205,2025-09-18,Зачет
5876,196,206,2025-10-06,Незачет
5877,196,207,2026-04-06,Незачет
5878,196,208,2026-01-28,Зачет
5879,196,209,2026-03-04,3
5880,196,210,2025-07-13,3
5881,197,181,2025-10-31,Зачет
5882,197,182,2025-06-22,Незачет
5883,197,183,2026-02-02,4
5884,197,184,2025-11-24,3
5885,197,185,2025-11-01,2
5886,197,186,2025-09-06,5
5887,197,187,2026-01-29,4
5888,197,188,2025-05-10,Зачет
5889,197,189,2025-05-11,Незачет
5890,197,190,2026-01-23,Зачет
5891,197,191,2025-07-27,5
5892,197,192,2025-10-01,Зачет
5893,197,193,2025-12-18,2
5894,197,194,2025-06-15,Незачет
5895,197,195,2025-09-10,4
5896,197,196,2025-09-24,Зачет
5897,197,197,2025-12-30,2
5898,197,198,2026-04-06,Зачет
5899,197,199,2025-08-15,Незачет
5900,197,200,2025-07-18,4
5901,197,201,2025-12-06,5
5902,197,202,2025-08-17,Зачет
5903,197,203,2025-08-07,Зачет
5904,197,204,2025-08-19,4
5905,197,205,2025-11-06,Зачет
5906,197,206,2025-12-31,Незачет
5907,197,207,2025-09-17,Незачет
5908,197,208,2025-09-26,Зачет
5909,197,209,2025-07-17,4
5910,197,210,2025-11-16,3
5911,198,181,2025-10-18,Незачет
5912,198,182,2025-07-27,Незачет
5913,198,183,2025-10-16,2
5914,198,184,2026-02-03,4
5915,198,185,2026-02-23,2
5916,198,186,2025-09-28,5
5917,198,187,2025-09-25,5
5918,198,188,2026-04-03,Зачет
5919,198,189,2025-10-09,Зачет
5920,198,190,2025-08-23,Зачет
5921,198,191,2025-10-29,2
5922,198,192,2025-07-15,Зачет
5923,198,193,2025-12-14,4
5924,198,194,2025-06-26,Зачет
5925,198,195,2025-12-16,5
5926,198,196,2026-01-28,Зачет
5927,198,197,2025-08-03,2
5928,198,198,2026-03-19,Зачет
5929,198,199,2025-06-14,Зачет
5930,198,200,2026-02-10,4
5931,198,201,2025-08-19,5
5932,198,202,2026-03-15,Незачет
5933,198,203,2025-08-06,Зачет
5934,198,204,2025-12-08,3
5935,198,205,2025-10-21,Незачет
5936,198,206,2026-04-04,Зачет
5937,198,207,2025-10-01,Зачет
5938,198,208,2025-07-22,Зачет
5939,198,209,2025-07-02,5
5940,198,210,2026-03-13,4
5941,199,181,2026-02-17,Зачет
5942,199,182,2025-07-04,Незачет
5943,199,183,2025-11-06,4
5944,199,184,2026-03-15,2
5945,199,185,2025-05-10,5
5946,199,186,2025-07-14,4
5947,199,187,2025-10-17,2
5948,199,188,2025-11-17,Зачет
5949,199,189,2025-06-28,Незачет
5950,199,190,2026-04-18,Незачет
5951,199,191,2026-04-01,3
5952,199,192,2026-01-06,Зачет
5953,199,193,2025-11-23,2
5954,199,194,2025-11-30,Зачет
5955,199,195,2026-02-10,3
5956,199,196,2025-09-06,Незачет
5957,199,197,2026-03-07,4
5958,199,198,2025-11-11,Зачет
5959,199,199,2025-08-31,Незачет
5960,199,200,2025-08-12,2
5961,199,201,2025-12-11,2
5962,199,202,2026-04-05,Незачет
5963,199,203,2025-12-13,Зачет
5964,199,204,2025-05-25,3
5965,199,205,2025-10-08,Зачет
5966,199,206,2025-06-14,Зачет
5967,199,207,2026-01-30,Зачет
5968,199,208,2025-07-09,Зачет
5969,199,209,2025-05-30,2
5970,199,210,2025-07-29,3
5971,200,181,2026-03-19,Зачет
5972,200,182,2025-08-13,Зачет
5973,200,183,2025-11-08,2
5974,200,184,2026-03-28,5
5975,200,185,2026-01-06,5
5976,200,186,2025-06-13,4
5977,200,187,2025-10-28,3
5978,200,188,2026-02-20,Зачет
5979,200,189,2025-09-13,Зачет
5980,200,190,2025-08-15,Незачет
5981,200,191,2025-09-24,3
5982,200,192,2025-09-23,Зачет
5983,200,193,2025-12-10,4
5984,200,194,2025-12-09,Незачет
5985,200,195,2026-05-03,5
5986,200,196,2026-03-17,Зачет
5987,200,197,2025-08-15,4
5988,200,198,2025-09-17,Незачет
5989,200,199,2025-05-14,Зачет
5990,200,200,2025-10-13,4
5991,200,201,2025-06-23,5
5992,200,202,2025-09-20,Незачет
5993,200,203,2026-04-08,Зачет
5994,200,204,2026-01-25,5
5995,200,205,2025-12-28,Незачет
5996,200,206,2025-07-23,Незачет
5997,200,207,2025-12-17,Незачет
5998,200,208,2025-12-16,Зачет
5999,200,209,2026-01-14,5
6000,200,210,2026-01-14,2
6001,201,241,2025-12-02,5
6002,201,242,2025-07-13,5
6003,201,243,2026-03-06,Зачет
6004,201,244,2025-08-25,4
6005,201,245,2025-09-21,Зачет
6006,201,246,2025-09-10,Зачет
6007,201,247,2026-01-23,4
6008,201,248,2025-11-21,5
6009,201,249,2025-11-12,5
6010,201,250,2026-03-03,Незачет
6011,201,251,2026-02-17,Незачет
6012,201,252,2025-10-27,Незачет
6013,201,253,2026-04-17,Незачет
6014,201,254,2025-06-06,5
6015,201,255,2025-10-01,2
6016,201,256,2025-12-31,Незачет
6017,201,257,2025-08-26,Зачет
6018,201,258,2025-11-03,5
6019,201,259,2026-01-07,Зачет
6020,201,260,2025-07-02,3
6021,201,261,2026-04-09,3
6022,201,262,2025-07-11,Зачет
6023,201,263,2026-01-10,Зачет
6024,201,264,2026-03-16,Незачет
6025,201,265,2026-05-02,5
6026,201,266,2025-09-15,Незачет
6027,201,267,2025-10-17,5
6028,201,268,2026-01-07,Незачет
6029,201,269,2025-12-30,4
6030,201,270,2025-12-15,Незачет
6031,202,241,2025-10-11,5
6032,202,242,2026-04-01,4
6033,202,243,2026-04-24,Зачет
6034,202,244,2025-06-03,5
6035,202,245,2025-06-06,Зачет
6036,202,246,2025-07-08,Зачет
6037,202,247,2025-09-17,5
6038,202,248,2025-08-03,3
6039,202,249,2025-09-05,3
6040,202,250,2025-09-07,Незачет
6041,202,251,2026-01-15,Незачет
6042,202,252,2025-08-28,Незачет
6043,202,253,2026-02-06,Незачет
6044,202,254,2025-08-18,4
6045,202,255,2025-12-28,2
6046,202,256,2026-01-12,Незачет
6047,202,257,2025-10-07,Незачет
6048,202,258,2025-08-20,3
6049,202,259,2026-04-16,Зачет
6050,202,260,2025-10-26,5
6051,202,261,2026-03-06,2
6052,202,262,2026-04-07,Незачет
6053,202,263,2026-05-06,Зачет
6054,202,264,2025-09-25,Зачет
6055,202,265,2026-02-21,4
6056,202,266,2025-12-20,Незачет
6057,202,267,2025-11-25,3
6058,202,268,2025-10-28,Незачет
6059,202,269,2025-10-14,3
6060,202,270,2025-07-10,Зачет
6061,203,241,2025-07-17,2
6062,203,242,2026-04-03,2
6063,203,243,2025-05-15,Зачет
6064,203,244,2025-06-24,5
6065,203,245,2026-02-13,Незачет
6066,203,246,2025-08-06,Зачет
6067,203,247,2026-01-19,3
6068,203,248,2025-08-12,5
6069,203,249,2026-05-07,3
6070,203,250,2026-02-19,Незачет
6071,203,251,2026-02-03,Незачет
6072,203,252,2026-02-22,Незачет
6073,203,253,2025-06-07,Незачет
6074,203,254,2025-07-27,4
6075,203,255,2025-07-10,5
6076,203,256,2025-10-08,Зачет
6077,203,257,2025-06-16,Зачет
6078,203,258,2025-06-13,4
6079,203,259,2025-05-31,Зачет
6080,203,260,2026-05-05,4
6081,203,261,2026-04-13,3
6082,203,262,2025-11-06,Незачет
6083,203,263,2025-12-05,Незачет
6084,203,264,2025-05-27,Зачет
6085,203,265,2025-05-17,3
6086,203,266,2026-03-02,Незачет
6087,203,267,2025-10-08,2
6088,203,268,2025-11-26,Зачет
6089,203,269,2026-02-28,2
6090,203,270,2025-06-08,Незачет
6091,204,241,2025-06-16,5
6092,204,242,2025-08-16,4
6093,204,243,2026-01-02,Незачет
6094,204,244,2025-07-06,3
6095,204,245,2025-06-08,Зачет
6096,204,246,2026-01-16,Незачет
6097,204,247,2026-05-03,3
6098,204,248,2026-04-15,3
6099,204,249,2025-10-05,3
6100,204,250,2025-09-04,Незачет
6101,204,251,2025-08-04,Зачет
6102,204,252,2025-08-11,Зачет
6103,204,253,2026-02-17,Незачет
6104,204,254,2025-08-25,3
6105,204,255,2025-10-26,3
6106,204,256,2026-01-05,Зачет
6107,204,257,2025-06-25,Зачет
6108,204,258,2025-06-26,3
6109,204,259,2025-11-27,Зачет
6110,204,260,2026-03-28,4
6111,204,261,2025-07-12,5
6112,204,262,2025-05-18,Незачет
6113,204,263,2025-05-20,Зачет
6114,204,264,2026-01-19,Зачет
6115,204,265,2025-09-22,2
6116,204,266,2026-04-06,Незачет
6117,204,267,2026-04-27,2
6118,204,268,2025-09-10,Незачет
6119,204,269,2026-04-07,2
6120,204,270,2025-11-07,Незачет
6121,205,241,2025-11-04,2
6122,205,242,2026-04-10,4
6123,205,243,2025-12-02,Зачет
6124,205,244,2026-05-05,3
6125,205,245,2025-08-20,Незачет
6126,205,246,2025-12-06,Незачет
6127,205,247,2025-10-26,2
6128,205,248,2025-06-28,2
6129,205,249,2026-02-01,2
6130,205,250,2025-12-02,Незачет
6131,205,251,2025-07-14,Зачет
6132,205,252,2025-12-22,Зачет
6133,205,253,2025-12-25,Зачет
6134,205,254,2025-10-31,3
6135,205,255,2026-01-07,2
6136,205,256,2026-02-21,Незачет
6137,205,257,2026-01-08,Незачет
6138,205,258,2026-04-12,5
6139,205,259,2025-12-12,Незачет
6140,205,260,2025-10-22,4
6141,205,261,2025-11-26,5
6142,205,262,2026-01-10,Незачет
6143,205,263,2026-01-10,Незачет
6144,205,264,2025-11-30,Незачет
6145,205,265,2025-09-04,4
6146,205,266,2026-04-24,Зачет
6147,205,267,2025-09-18,4
6148,205,268,2025-11-10,Незачет
6149,205,269,2025-12-02,5
6150,205,270,2025-08-03,Зачет
6151,206,241,2026-03-15,4
6152,206,242,2025-06-10,4
6153,206,243,2025-10-25,Зачет
6154,206,244,2025-09-03,2
6155,206,245,2025-09-26,Незачет
6156,206,246,2025-10-14,Незачет
6157,206,247,2025-08-15,3
6158,206,248,2025-07-06,2
6159,206,249,2025-09-01,2
6160,206,250,2025-05-11,Незачет
6161,206,251,2025-05-07,Зачет
6162,206,252,2025-11-26,Незачет
6163,206,253,2026-03-19,Незачет
6164,206,254,2026-02-25,5
6165,206,255,2026-04-01,5
6166,206,256,2025-06-28,Зачет
6167,206,257,2025-09-17,Зачет
6168,206,258,2025-08-26,4
6169,206,259,2025-11-05,Зачет
6170,206,260,2025-11-30,4
6171,206,261,2025-05-10,2
6172,206,262,2026-01-29,Незачет
6173,206,263,2026-04-30,Незачет
6174,206,264,2025-11-14,Зачет
6175,206,265,2026-02-24,5
6176,206,266,2025-11-08,Незачет
6177,206,267,2025-08-31,2
6178,206,268,2025-05-10,Незачет
6179,206,269,2026-02-28,5
6180,206,270,2025-10-21,Незачет
6181,207,241,2026-03-12,2
6182,207,242,2025-08-28,5
6183,207,243,2025-12-24,Незачет
6184,207,244,2025-08-04,3
6185,207,245,2026-03-12,Зачет
6186,207,246,2025-05-09,Зачет
6187,207,247,2025-12-05,3
6188,207,248,2025-09-29,5
6189,207,249,2025-07-19,2
6190,207,250,2025-10-13,Незачет
6191,207,251,2026-04-14,Незачет
6192,207,252,2025-12-10,Зачет
6193,207,253,2025-10-23,Незачет
6194,207,254,2025-10-07,2
6195,207,255,2025-08-12,5
6196,207,256,2025-07-09,Зачет
6197,207,257,2026-02-08,Зачет
6198,207,258,2026-02-17,3
6199,207,259,2026-01-12,Зачет
6200,207,260,2025-10-05,2
6201,207,261,2026-03-24,2
6202,207,262,2025-09-30,Незачет
6203,207,263,2025-07-31,Зачет
6204,207,264,2025-08-17,Зачет
6205,207,265,2025-06-06,4
6206,207,266,2025-10-17,Незачет
6207,207,267,2026-01-04,4
6208,207,268,2025-08-08,Зачет
6209,207,269,2025-11-23,4
6210,207,270,2026-02-27,Незачет
6211,208,241,2026-03-13,2
6212,208,242,2026-04-25,3
6213,208,243,2025-12-31,Незачет
6214,208,244,2026-03-16,2
6215,208,245,2026-01-31,Незачет
6216,208,246,2026-01-27,Зачет
6217,208,247,2025-08-20,2
6218,208,248,2025-08-25,4
6219,208,249,2026-01-13,5
6220,208,250,2026-02-19,Незачет
6221,208,251,2025-11-29,Незачет
6222,208,252,2026-03-17,Зачет
6223,208,253,2025-08-19,Зачет
6224,208,254,2025-10-14,4
6225,208,255,2025-07-19,2
6226,208,256,2026-04-03,Незачет
6227,208,257,2025-06-02,Зачет
6228,208,258,2025-07-16,2
6229,208,259,2025-06-29,Зачет
6230,208,260,2025-08-27,4
6231,208,261,2025-06-18,3
6232,208,262,2026-01-09,Зачет
6233,208,263,2025-10-30,Незачет
6234,208,264,2026-01-01,Зачет
6235,208,265,2025-10-29,4
6236,208,266,2025-08-20,Незачет
6237,208,267,2026-02-03,2
6238,208,268,2026-01-03,Незачет
6239,208,269,2025-11-14,2
6240,208,270,2025-07-18,Зачет
6241,209,241,2025-09-08,5
6242,209,242,2025-05-14,5
6243,209,243,2025-07-05,Незачет
6244,209,244,2025-05-26,4
6245,209,245,2025-11-30,Зачет
6246,209,246,2025-05-15,Зачет
6247,209,247,2025-07-18,2
6248,209,248,2025-06-15,5
6249,209,249,2025-08-24,2
6250,209,250,2025-08-19,Незачет
6251,209,251,2025-06-24,Незачет
6252,209,252,2026-02-08,Зачет
6253,209,253,2025-10-24,Незачет
6254,209,254,2026-02-13,3
6255,209,255,2025-05-10,5
6256,209,256,2025-08-05,Незачет
6257,209,257,2025-06-11,Зачет
6258,209,258,2025-07-04,4
6259,209,259,2025-05-12,Зачет
6260,209,260,2025-11-14,2
6261,209,261,2025-07-30,4
6262,209,262,2025-09-16,Незачет
6263,209,263,2025-10-17,Зачет
6264,209,264,2025-09-05,Незачет
6265,209,265,2026-03-08,5
6266,209,266,2026-03-13,Зачет
6267,209,267,2025-11-16,5
6268,209,268,2025-09-28,Незачет
6269,209,269,2025-11-03,5
6270,209,270,2026-02-01,Зачет
6271,210,241,2026-03-10,4
6272,210,242,2025-05-19,3
6273,210,243,2025-09-12,Зачет
6274,210,244,2025-06-07,3
6275,210,245,2026-03-30,Зачет
6276,210,246,2026-02-22,Зачет
6277,210,247,2025-07-02,5
6278,210,248,2025-05-28,5
6279,210,249,2025-08-18,4
6280,210,250,2026-03-04,Зачет
6281,210,251,2025-10-06,Зачет
6282,210,252,2025-06-03,Незачет
6283,210,253,2025-12-03,Незачет
6284,210,254,2025-11-05,5
6285,210,255,2025-07-16,5
6286,210,256,2025-07-20,Незачет
6287,210,257,2026-04-19,Незачет
6288,210,258,2026-03-29,5
6289,210,259,2025-08-12,Зачет
6290,210,260,2026-03-20,4
6291,210,261,2025-10-02,4
6292,210,262,2026-03-24,Зачет
6293,210,263,2025-05-11,Незачет
6294,210,264,2025-06-23,Зачет
6295,210,265,2026-03-01,3
6296,210,266,2026-02-08,Незачет
6297,210,267,2025-08-11,2
6298,210,268,2025-10-03,Незачет
6299,210,269,2026-03-02,5
6300,210,270,2025-10-26,Зачет
6301,211,241,2025-08-10,3
6302,211,242,2026-02-17,5
6303,211,243,2025-05-20,Незачет
6304,211,244,2025-07-23,4
6305,211,245,2025-11-01,Зачет
6306,211,246,2026-02-16,Зачет
6307,211,247,2026-03-02,3
6308,211,248,2025-06-12,3
6309,211,249,2025-11-25,2
6310,211,250,2026-01-20,Незачет
6311,211,251,2025-07-26,Зачет
6312,211,252,2025-11-06,Зачет
6313,211,253,2025-10-05,Незачет
6314,211,254,2026-01-26,5
6315,211,255,2025-09-05,3
6316,211,256,2026-05-05,Зачет
6317,211,257,2025-09-09,Зачет
6318,211,258,2025-07-07,4
6319,211,259,2026-01-06,Незачет
6320,211,260,2026-02-13,3
6321,211,261,2025-05-23,2
6322,211,262,2026-02-20,Зачет
6323,211,263,2026-05-06,Незачет
6324,211,264,2025-12-06,Незачет
6325,211,265,2025-11-25,3
6326,211,266,2025-06-23,Незачет
6327,211,267,2025-08-13,3
6328,211,268,2025-11-09,Зачет
6329,211,269,2026-01-09,2
6330,211,270,2025-08-31,Зачет
6331,212,241,2025-07-23,5
6332,212,242,2025-09-23,5
6333,212,243,2026-04-16,Незачет
6334,212,244,2025-05-27,3
6335,212,245,2026-04-07,Незачет
6336,212,246,2026-01-20,Зачет
6337,212,247,2025-07-30,5
6338,212,248,2025-06-19,5
6339,212,249,2025-08-06,4
6340,212,250,2026-01-07,Незачет
6341,212,251,2025-10-22,Незачет
6342,212,252,2025-09-10,Зачет
6343,212,253,2025-05-12,Зачет
6344,212,254,2025-07-10,2
6345,212,255,2026-03-11,2
6346,212,256,2025-08-22,Зачет
6347,212,257,2025-12-20,Незачет
6348,212,258,2025-06-22,3
6349,212,259,2025-10-07,Зачет
6350,212,260,2026-03-09,5
6351,212,261,2025-08-09,4
6352,212,262,2025-05-10,Зачет
6353,212,263,2025-05-23,Зачет
6354,212,264,2025-12-18,Незачет
6355,212,265,2026-03-07,5
6356,212,266,2026-01-30,Незачет
6357,212,267,2025-11-07,4
6358,212,268,2026-01-29,Зачет
6359,212,269,2025-12-24,2
6360,212,270,2025-07-06,Незачет
6361,213,241,2025-09-28,2
6362,213,242,2026-03-02,3
6363,213,243,2025-06-10,Незачет
6364,213,244,2025-08-11,2
6365,213,245,2025-07-07,Незачет
6366,213,246,2025-11-17,Незачет
6367,213,247,2025-06-11,2
6368,213,248,2026-01-28,2
6369,213,249,2026-01-02,3
6370,213,250,2025-09-15,Зачет
6371,213,251,2026-05-03,Зачет
6372,213,252,2026-02-25,Зачет
6373,213,253,2026-01-04,Зачет
6374,213,254,2025-05-30,5
6375,213,255,2025-05-30,4
6376,213,256,2025-09-22,Зачет
6377,213,257,2026-01-12,Зачет
6378,213,258,2025-07-05,3
6379,213,259,2026-02-03,Зачет
6380,213,260,2025-12-01,3
6381,213,261,2026-03-10,2
6382,213,262,2025-06-17,Незачет
6383,213,263,2025-06-24,Зачет
6384,213,264,2025-11-12,Зачет
6385,213,265,2025-08-05,2
6386,213,266,2025-09-07,Незачет
6387,213,267,2025-12-09,4
6388,213,268,2026-03-09,Зачет
6389,213,269,2026-01-12,5
6390,213,270,2026-02-24,Зачет
6391,214,241,2025-09-18,3
6392,214,242,2026-03-15,4
6393,214,243,2026-04-18,Зачет
6394,214,244,2025-10-24,4
6395,214,245,2026-02-15,Незачет
6396,214,246,2025-07-20,Зачет
6397,214,247,2025-05-15,5
6398,214,248,2026-01-29,4
6399,214,249,2025-09-30,4
6400,214,250,2025-09-23,Зачет
6401,214,251,2026-02-12,Зачет
6402,214,252,2025-06-28,Зачет
6403,214,253,2025-08-12,Зачет
6404,214,254,2026-04-21,2
6405,214,255,2025-05-22,3
6406,214,256,2025-11-11,Зачет
6407,214,257,2026-02-05,Незачет
6408,214,258,2025-10-23,3
6409,214,259,2025-12-10,Зачет
6410,214,260,2025-08-29,3
6411,214,261,2025-12-03,4
6412,214,262,2026-02-01,Незачет
6413,214,263,2025-11-13,Зачет
6414,214,264,2025-07-19,Незачет
6415,214,265,2025-12-13,2
6416,214,266,2025-07-18,Незачет
6417,214,267,2025-12-04,4
6418,214,268,2025-09-19,Незачет
6419,214,269,2025-09-09,3
6420,214,270,2026-02-15,Незачет
6421,215,241,2025-11-04,5
6422,215,242,2025-08-21,2
6423,215,243,2026-04-08,Незачет
6424,215,244,2026-03-25,5
6425,215,245,2025-12-25,Зачет
6426,215,246,2026-04-27,Зачет
6427,215,247,2026-04-06,2
6428,215,248,2025-12-08,4
6429,215,249,2025-07-08,3
6430,215,250,2025-06-02,Незачет
6431,215,251,2025-11-29,Зачет
6432,215,252,2025-07-06,Незачет
6433,215,253,2025-10-28,Зачет
6434,215,254,2025-08-29,4
6435,215,255,2026-03-21,5
6436,215,256,2025-08-17,Незачет
6437,215,257,2025-12-03,Зачет
6438,215,258,2025-09-26,3
6439,215,259,2025-10-30,Зачет
6440,215,260,2025-05-07,4
6441,215,261,2026-03-04,2
6442,215,262,2026-01-09,Зачет
6443,215,263,2025-11-19,Незачет
6444,215,264,2025-10-01,Зачет
6445,215,265,2026-02-15,4
6446,215,266,2025-07-18,Зачет
6447,215,267,2026-04-14,4
6448,215,268,2025-05-14,Незачет
6449,215,269,2026-01-02,4
6450,215,270,2026-04-04,Зачет
6451,216,241,2025-09-25,3
6452,216,242,2026-03-04,4
6453,216,243,2026-01-02,Зачет
6454,216,244,2025-08-07,2
6455,216,245,2025-09-08,Незачет
6456,216,246,2026-02-11,Зачет
6457,216,247,2025-05-31,5
6458,216,248,2026-01-17,2
6459,216,249,2025-12-02,2
6460,216,250,2026-03-21,Зачет
6461,216,251,2025-10-04,Незачет
6462,216,252,2025-07-19,Незачет
6463,216,253,2025-11-26,Зачет
6464,216,254,2026-01-27,4
6465,216,255,2025-11-16,4
6466,216,256,2026-02-28,Незачет
6467,216,257,2025-12-07,Зачет
6468,216,258,2025-07-05,2
6469,216,259,2025-12-31,Зачет
6470,216,260,2025-08-24,4
6471,216,261,2025-09-09,5
6472,216,262,2025-10-13,Зачет
6473,216,263,2026-01-10,Незачет
6474,216,264,2025-09-09,Незачет
6475,216,265,2025-06-18,5
6476,216,266,2025-06-13,Зачет
6477,216,267,2025-11-26,4
6478,216,268,2026-01-17,Зачет
6479,216,269,2025-06-01,3
6480,216,270,2025-05-24,Зачет
6481,217,241,2026-03-27,3
6482,217,242,2026-05-06,5
6483,217,243,2025-06-26,Незачет
6484,217,244,2025-07-15,2
6485,217,245,2026-04-11,Незачет
6486,217,246,2025-05-19,Зачет
6487,217,247,2025-07-24,5
6488,217,248,2025-06-17,5
6489,217,249,2025-11-11,3
6490,217,250,2025-07-20,Незачет
6491,217,251,2025-06-14,Незачет
6492,217,252,2025-05-19,Незачет
6493,217,253,2025-12-14,Незачет
6494,217,254,2026-01-11,4
6495,217,255,2026-03-27,5
6496,217,256,2025-10-04,Зачет
6497,217,257,2026-01-17,Незачет
6498,217,258,2025-11-13,2
6499,217,259,2025-11-27,Незачет
6500,217,260,2026-01-04,5
6501,217,261,2026-02-03,4
6502,217,262,2025-12-22,Зачет
6503,217,263,2025-08-14,Зачет
6504,217,264,2025-05-26,Зачет
6505,217,265,2025-09-26,3
6506,217,266,2025-07-31,Зачет
6507,217,267,2025-12-28,3
6508,217,268,2026-02-09,Зачет
6509,217,269,2025-06-03,2
6510,217,270,2025-05-12,Незачет
6511,218,241,2026-05-03,5
6512,218,242,2026-04-29,2
6513,218,243,2025-07-27,Незачет
6514,218,244,2026-01-16,3
6515,218,245,2025-11-13,Незачет
6516,218,246,2026-05-02,Незачет
6517,218,247,2026-04-17,2
6518,218,248,2026-03-26,5
6519,218,249,2025-06-07,2
6520,218,250,2025-11-04,Зачет
6521,218,251,2026-03-14,Зачет
6522,218,252,2026-01-10,Незачет
6523,218,253,2025-05-30,Незачет
6524,218,254,2025-09-24,3
6525,218,255,2025-12-09,2
6526,218,256,2026-02-19,Незачет
6527,218,257,2026-05-06,Зачет
6528,218,258,2026-04-17,3
6529,218,259,2025-10-15,Зачет
6530,218,260,2026-03-22,2
6531,218,261,2025-09-27,4
6532,218,262,2026-03-11,Зачет
6533,218,263,2026-02-06,Незачет
6534,218,264,2025-05-29,Зачет
6535,218,265,2026-03-22,5
6536,218,266,2026-01-01,Незачет
6537,218,267,2025-08-18,5
6538,218,268,2025-11-28,Зачет
6539,218,269,2025-05-22,4
6540,218,270,2026-02-16,Зачет
6541,219,241,2025-06-03,4
6542,219,242,2026-03-27,3
6543,219,243,2025-09-02,Зачет
6544,219,244,2025-06-06,4
6545,219,245,2025-07-29,Незачет
6546,219,246,2025-11-24,Незачет
6547,219,247,2025-06-13,4
6548,219,248,2025-06-15,4
6549,219,249,2026-02-12,3
6550,219,250,2025-08-04,Зачет
6551,219,251,2025-11-29,Незачет
6552,219,252,2025-10-03,Зачет
6553,219,253,2025-07-19,Незачет
6554,219,254,2025-07-21,2
6555,219,255,2025-11-27,5
6556,219,256,2026-01-17,Незачет
6557,219,257,2025-08-11,Зачет
6558,219,258,2025-12-14,4
6559,219,259,2026-01-04,Зачет
6560,219,260,2025-07-15,5
6561,219,261,2025-12-09,4
6562,219,262,2026-02-21,Незачет
6563,219,263,2025-12-09,Незачет
6564,219,264,2025-10-15,Зачет
6565,219,265,2026-02-20,2
6566,219,266,2025-06-16,Незачет
6567,219,267,2026-02-28,3
6568,219,268,2026-01-10,Незачет
6569,219,269,2025-12-16,4
6570,219,270,2025-09-23,Зачет
6571,220,241,2026-01-23,2
6572,220,242,2025-11-01,5
6573,220,243,2026-02-03,Незачет
6574,220,244,2026-01-20,3
6575,220,245,2025-10-19,Зачет
6576,220,246,2026-04-14,Зачет
6577,220,247,2025-06-16,5
6578,220,248,2025-07-10,2
6579,220,249,2026-03-10,5
6580,220,250,2025-07-16,Зачет
6581,220,251,2025-12-06,Зачет
6582,220,252,2025-10-09,Незачет
6583,220,253,2025-11-19,Зачет
6584,220,254,2025-09-15,5
6585,220,255,2026-01-17,5
6586,220,256,2025-07-07,Незачет
6587,220,257,2025-11-30,Незачет
6588,220,258,2025-12-25,4
6589,220,259,2025-10-26,Незачет
6590,220,260,2026-05-04,3
6591,220,261,2025-09-20,4
6592,220,262,2026-04-22,Зачет
6593,220,263,2025-09-06,Незачет
6594,220,264,2025-12-06,Незачет
6595,220,265,2025-09-10,3
6596,220,266,2026-03-31,Зачет
6597,220,267,2025-09-28,4
6598,220,268,2025-10-14,Незачет
6599,220,269,2026-02-27,2
6600,220,270,2026-01-07,Незачет
6601,221,241,2025-10-21,3
6602,221,242,2026-03-23,2
6603,221,243,2026-02-12,Зачет
6604,221,244,2025-09-09,4
6605,221,245,2025-12-29,Зачет
6606,221,246,2025-08-08,Зачет
6607,221,247,2025-12-11,5
6608,221,248,2025-12-04,5
6609,221,249,2025-07-29,4
6610,221,250,2025-09-29,Зачет
6611,221,251,2026-02-28,Зачет
6612,221,252,2025-12-06,Зачет
6613,221,253,2026-05-01,Незачет
6614,221,254,2026-02-20,4
6615,221,255,2025-08-13,2
6616,221,256,2025-09-23,Незачет
6617,221,257,2025-10-29,Незачет
6618,221,258,2025-10-27,5
6619,221,259,2025-10-08,Зачет
6620,221,260,2025-05-07,4
6621,221,261,2026-02-13,5
6622,221,262,2025-05-20,Незачет
6623,221,263,2025-08-25,Зачет
6624,221,264,2025-12-24,Зачет
6625,221,265,2025-05-13,2
6626,221,266,2025-11-24,Зачет
6627,221,267,2025-06-28,3
6628,221,268,2026-04-17,Зачет
6629,221,269,2025-09-01,4
6630,221,270,2025-05-09,Зачет
6631,222,241,2025-08-31,3
6632,222,242,2025-08-01,2
6633,222,243,2025-07-29,Незачет
6634,222,244,2026-04-04,5
6635,222,245,2025-09-06,Зачет
6636,222,246,2025-05-15,Незачет
6637,222,247,2026-03-02,5
6638,222,248,2026-03-22,4
6639,222,249,2026-01-29,4
6640,222,250,2026-03-22,Незачет
6641,222,251,2025-08-22,Зачет
6642,222,252,2026-04-28,Незачет
6643,222,253,2025-12-08,Зачет
6644,222,254,2025-11-21,3
6645,222,255,2025-12-09,3
6646,222,256,2025-12-14,Зачет
6647,222,257,2026-05-01,Незачет
6648,222,258,2025-12-14,2
6649,222,259,2025-07-06,Незачет
6650,222,260,2025-06-12,3
6651,222,261,2025-05-21,5
6652,222,262,2025-11-01,Зачет
6653,222,263,2025-09-22,Незачет
6654,222,264,2025-07-06,Зачет
6655,222,265,2025-06-29,3
6656,222,266,2025-08-17,Зачет
6657,222,267,2025-09-26,3
6658,222,268,2026-04-17,Зачет
6659,222,269,2025-12-19,2
6660,222,270,2025-08-12,Зачет
6661,223,241,2025-08-05,5
6662,223,242,2025-08-14,2
6663,223,243,2026-03-17,Незачет
6664,223,244,2025-08-31,3
6665,223,245,2025-06-11,Зачет
6666,223,246,2025-12-14,Незачет
6667,223,247,2025-10-09,2
6668,223,248,2025-12-14,3
6669,223,249,2026-04-28,2
6670,223,250,2025-07-30,Зачет
6671,223,251,2026-02-16,Незачет
6672,223,252,2025-06-05,Незачет
6673,223,253,2026-02-12,Незачет
6674,223,254,2025-09-10,3
6675,223,255,2026-03-10,3
6676,223,256,2025-11-10,Незачет
6677,223,257,2025-07-13,Незачет
6678,223,258,2025-11-12,5
6679,223,259,2026-03-23,Зачет
6680,223,260,2026-04-21,5
6681,223,261,2026-01-29,2
6682,223,262,2026-02-03,Незачет
6683,223,263,2025-12-16,Зачет
6684,223,264,2026-03-21,Незачет
6685,223,265,2026-04-24,4
6686,223,266,2025-06-13,Незачет
6687,223,267,2025-12-24,4
6688,223,268,2026-01-11,Незачет
6689,223,269,2025-08-31,3
6690,223,270,2025-05-21,Незачет
6691,224,241,2026-02-14,2
6692,224,242,2026-03-16,3
6693,224,243,2025-12-16,Зачет
6694,224,244,2025-10-02,2
6695,224,245,2025-06-06,Зачет
6696,224,246,2026-03-05,Незачет
6697,224,247,2025-05-28,3
6698,224,248,2026-04-30,4
6699,224,249,2026-03-02,5
6700,224,250,2025-09-13,Незачет
6701,224,251,2025-09-19,Зачет
6702,224,252,2026-04-13,Незачет
6703,224,253,2026-03-20,Зачет
6704,224,254,2025-10-22,4
6705,224,255,2025-10-15,5
6706,224,256,2026-05-03,Незачет
6707,224,257,2026-04-09,Незачет
6708,224,258,2025-06-22,4
6709,224,259,2026-04-09,Зачет
6710,224,260,2026-03-02,2
6711,224,261,2025-08-03,2
6712,224,262,2026-02-21,Зачет
6713,224,263,2026-01-15,Незачет
6714,224,264,2026-04-01,Незачет
6715,224,265,2025-12-26,4
6716,224,266,2026-05-02,Незачет
6717,224,267,2025-05-11,3
6718,224,268,2026-01-08,Незачет
6719,224,269,2026-03-04,3
6720,224,270,2026-01-07,Незачет
6721,225,241,2025-10-02,2
6722,225,242,2025-05-28,2
6723,225,243,2025-09-02,Зачет
6724,225,244,2025-11-26,2
6725,225,245,2025-05-22,Зачет
6726,225,246,2025-09-08,Зачет
6727,225,247,2025-12-02,3
6728,225,248,2025-12-12,5
6729,225,249,2025-07-04,2
6730,225,250,2025-09-10,Зачет
6731,225,251,2025-11-18,Незачет
6732,225,252,2026-02-01,Незачет
6733,225,253,2025-07-31,Незачет
6734,225,254,2025-07-05,3
6735,225,255,2025-05-26,3
6736,225,256,2026-01-23,Зачет
6737,225,257,2026-02-15,Зачет
6738,225,258,2025-10-06,3
6739,225,259,2025-10-27,Незачет
6740,225,260,2026-02-23,4
6741,225,261,2025-12-24,4
6742,225,262,2025-12-16,Незачет
6743,225,263,2025-11-19,Незачет
6744,225,264,2025-06-10,Зачет
6745,225,265,2025-08-01,5
6746,225,266,2025-10-21,Зачет
6747,225,267,2025-08-27,5
6748,225,268,2026-03-08,Незачет
6749,225,269,2025-10-07,2
6750,225,270,2025-07-03,Зачет
6751,226,151,2025-06-27,Незачет
6752,226,152,2025-09-14,Зачет
6753,226,153,2025-06-08,Незачет
6754,226,154,2025-11-07,Зачет
6755,226,155,2025-12-14,2
6756,226,156,2026-02-20,Зачет
6757,226,157,2025-05-26,Незачет
6758,226,158,2025-12-05,Незачет
6759,226,159,2025-10-09,Зачет
6760,226,160,2025-08-16,Зачет
6761,226,161,2025-06-09,Незачет
6762,226,162,2025-10-08,Незачет
6763,226,163,2025-11-17,5
6764,226,164,2025-10-22,5
6765,226,165,2026-03-03,4
6766,226,166,2026-02-02,Зачет
6767,226,167,2025-06-26,3
6768,226,168,2026-02-26,Зачет
6769,226,169,2025-06-28,Зачет
6770,226,170,2025-11-09,3
6771,226,171,2025-12-10,2
6772,226,172,2025-07-22,Незачет
6773,226,173,2025-11-12,4
6774,226,174,2025-10-07,Незачет
6775,226,175,2026-01-15,3
6776,226,176,2025-12-14,Незачет
6777,226,177,2025-07-22,Незачет
6778,226,178,2025-12-10,Зачет
6779,226,179,2026-01-01,Зачет
6780,226,180,2026-02-16,Зачет
6781,227,151,2025-11-26,Зачет
6782,227,152,2025-08-10,Зачет
6783,227,153,2025-08-09,Незачет
6784,227,154,2025-06-03,Зачет
6785,227,155,2025-08-18,3
6786,227,156,2026-03-04,Незачет
6787,227,157,2025-10-21,Зачет
6788,227,158,2025-09-09,Незачет
6789,227,159,2026-01-27,Зачет
6790,227,160,2026-04-30,Зачет
6791,227,161,2025-12-16,Зачет
6792,227,162,2025-06-10,Зачет
6793,227,163,2025-06-19,2
6794,227,164,2026-01-22,4
6795,227,165,2025-10-14,4
6796,227,166,2025-10-18,Незачет
6797,227,167,2025-09-25,2
6798,227,168,2025-09-19,Незачет
6799,227,169,2025-07-19,Зачет
6800,227,170,2025-09-08,5
6801,227,171,2025-09-17,4
6802,227,172,2025-12-23,Незачет
6803,227,173,2026-01-16,2
6804,227,174,2025-05-16,Зачет
6805,227,175,2026-03-01,4
6806,227,176,2025-09-02,Зачет
6807,227,177,2025-07-11,Незачет
6808,227,178,2025-09-19,Зачет
6809,227,179,2026-01-01,Незачет
6810,227,180,2026-03-22,Зачет
6811,228,151,2026-03-14,Зачет
6812,228,152,2025-10-25,Незачет
6813,228,153,2026-01-04,Незачет
6814,228,154,2025-07-02,Зачет
6815,228,155,2025-10-25,5
6816,228,156,2025-05-24,Зачет
6817,228,157,2026-04-30,Незачет
6818,228,158,2026-03-20,Незачет
6819,228,159,2025-08-05,Зачет
6820,228,160,2025-07-23,Незачет
6821,228,161,2026-01-28,Зачет
6822,228,162,2025-09-29,Незачет
6823,228,163,2025-07-06,3
6824,228,164,2026-02-25,5
6825,228,165,2026-02-13,4
6826,228,166,2026-04-03,Зачет
6827,228,167,2025-06-09,5
6828,228,168,2025-06-19,Зачет
6829,228,169,2026-02-18,Незачет
6830,228,170,2025-05-28,3
6831,228,171,2025-08-09,5
6832,228,172,2026-01-03,Зачет
6833,228,173,2026-05-01,3
6834,228,174,2025-07-03,Зачет
6835,228,175,2026-04-09,5
6836,228,176,2026-03-26,Зачет
6837,228,177,2026-03-21,Незачет
6838,228,178,2025-08-26,Зачет
6839,228,179,2025-05-12,Незачет
6840,228,180,2025-09-17,Зачет
6841,229,151,2026-01-31,Зачет
6842,229,152,2026-03-15,Незачет
6843,229,153,2025-06-19,Зачет
6844,229,154,2025-09-02,Зачет
6845,229,155,2025-10-28,3
6846,229,156,2025-11-05,Зачет
6847,229,157,2025-05-15,Незачет
6848,229,158,2025-09-12,Зачет
6849,229,159,2025-07-27,Незачет
6850,229,160,2026-02-18,Незачет
6851,229,161,2025-12-01,Зачет
6852,229,162,2025-07-28,Зачет
6853,229,163,2025-07-25,2
6854,229,164,2025-12-05,2
6855,229,165,2025-11-26,5
6856,229,166,2026-02-22,Незачет
6857,229,167,2025-08-15,2
6858,229,168,2025-12-06,Зачет
6859,229,169,2025-11-10,Зачет
6860,229,170,2026-01-03,2
6861,229,171,2026-02-14,3
6862,229,172,2025-06-30,Зачет
6863,229,173,2026-01-31,2
6864,229,174,2026-02-02,Незачет
6865,229,175,2026-01-21,3
6866,229,176,2025-05-14,Зачет
6867,229,177,2025-09-30,Зачет
6868,229,178,2025-12-19,Зачет
6869,229,179,2026-04-23,Незачет
6870,229,180,2026-01-19,Зачет
6871,230,151,2025-11-27,Зачет
6872,230,152,2025-05-23,Зачет
6873,230,153,2025-08-14,Незачет
6874,230,154,2025-07-12,Незачет
6875,230,155,2025-05-30,3
6876,230,156,2025-08-25,Незачет
6877,230,157,2025-07-23,Незачет
6878,230,158,2026-03-09,Незачет
6879,230,159,2026-02-01,Зачет
6880,230,160,2026-01-01,Зачет
6881,230,161,2025-08-20,Зачет
6882,230,162,2025-05-27,Незачет
6883,230,163,2025-11-03,2
6884,230,164,2026-01-16,2
6885,230,165,2025-05-10,2
6886,230,166,2025-06-01,Зачет
6887,230,167,2025-10-04,4
6888,230,168,2026-01-18,Зачет
6889,230,169,2025-08-20,Незачет
6890,230,170,2026-01-19,3
6891,230,171,2026-04-02,2
6892,230,172,2026-04-26,Зачет
6893,230,173,2026-01-18,2
6894,230,174,2025-09-23,Зачет
6895,230,175,2026-04-07,5
6896,230,176,2025-06-17,Незачет
6897,230,177,2025-05-14,Зачет
6898,230,178,2025-08-28,Незачет
6899,230,179,2026-04-08,Незачет
6900,230,180,2026-04-15,Зачет
6901,231,151,2026-01-14,Незачет
6902,231,152,2025-10-04,Зачет
6903,231,153,2025-08-04,Незачет
6904,231,154,2025-10-01,Зачет
6905,231,155,2025-11-20,2
6906,231,156,2026-02-06,Зачет
6907,231,157,2025-06-14,Зачет
6908,231,158,2026-04-23,Незачет
6909,231,159,2025-09-06,Незачет
6910,231,160,2025-11-11,Зачет
6911,231,161,2026-04-08,Незачет
6912,231,162,2025-12-24,Зачет
6913,231,163,2025-11-29,4
6914,231,164,2025-06-10,2
6915,231,165,2025-07-18,2
6916,231,166,2025-07-23,Зачет
6917,231,167,2025-11-17,3
6918,231,168,2025-10-31,Незачет
6919,231,169,2025-12-10,Незачет
6920,231,170,2026-05-01,3
6921,231,171,2026-02-07,5
6922,231,172,2025-05-15,Зачет
6923,231,173,2025-05-22,4
6924,231,174,2025-08-11,Незачет
6925,231,175,2026-04-30,4
6926,231,176,2025-11-28,Зачет
6927,231,177,2025-09-02,Незачет
6928,231,178,2025-09-13,Незачет
6929,231,179,2025-11-13,Незачет
6930,231,180,2025-10-06,Незачет
6931,232,151,2026-02-20,Зачет
6932,232,152,2025-07-06,Зачет
6933,232,153,2025-05-14,Зачет
6934,232,154,2025-09-18,Зачет
6935,232,155,2026-01-27,4
6936,232,156,2025-09-20,Зачет
6937,232,157,2025-09-22,Незачет
6938,232,158,2026-01-04,Незачет
6939,232,159,2025-09-01,Незачет
6940,232,160,2025-08-06,Зачет
6941,232,161,2025-11-17,Зачет
6942,232,162,2025-08-22,Незачет
6943,232,163,2026-03-18,4
6944,232,164,2025-05-31,3
6945,232,165,2026-01-05,2
6946,232,166,2025-08-15,Незачет
6947,232,167,2026-04-13,3
6948,232,168,2025-10-04,Зачет
6949,232,169,2026-04-17,Незачет
6950,232,170,2026-03-19,4
6951,232,171,2025-05-18,4
6952,232,172,2025-12-08,Незачет
6953,232,173,2025-08-23,5
6954,232,174,2025-08-02,Незачет
6955,232,175,2025-07-04,5
6956,232,176,2025-09-16,Незачет
6957,232,177,2026-04-20,Зачет
6958,232,178,2025-10-06,Зачет
6959,232,179,2026-01-17,Незачет
6960,232,180,2025-06-29,Незачет
6961,233,151,2025-06-10,Незачет
6962,233,152,2026-02-14,Незачет
6963,233,153,2025-10-02,Зачет
6964,233,154,2025-11-25,Незачет
6965,233,155,2026-01-25,2
6966,233,156,2025-12-30,Незачет
6967,233,157,2026-04-10,Зачет
6968,233,158,2026-01-04,Зачет
6969,233,159,2026-01-28,Зачет
6970,233,160,2025-08-03,Незачет
6971,233,161,2025-10-16,Зачет
6972,233,162,2025-08-08,Зачет
6973,233,163,2025-12-15,2
6974,233,164,2025-07-05,4
6975,233,165,2025-10-19,5
6976,233,166,2025-09-05,Зачет
6977,233,167,2026-04-25,2
6978,233,168,2025-12-28,Зачет
6979,233,169,2025-09-11,Незачет
6980,233,170,2025-10-28,4
6981,233,171,2025-12-03,3
6982,233,172,2025-06-27,Незачет
6983,233,173,2025-07-26,5
6984,233,174,2026-01-15,Зачет
6985,233,175,2025-06-29,5
6986,233,176,2025-12-18,Зачет
6987,233,177,2025-12-03,Зачет
6988,233,178,2026-01-27,Зачет
6989,233,179,2026-03-13,Зачет
6990,233,180,2025-07-24,Зачет
6991,234,151,2026-04-06,Зачет
6992,234,152,2025-06-29,Зачет
6993,234,153,2025-09-04,Незачет
6994,234,154,2026-01-29,Зачет
6995,234,155,2026-02-04,5
6996,234,156,2026-04-20,Незачет
6997,234,157,2025-11-26,Зачет
6998,234,158,2026-04-25,Зачет
6999,234,159,2025-06-28,Зачет
7000,234,160,2025-10-21,Незачет
7001,234,161,2026-04-25,Зачет
7002,234,162,2026-03-02,Зачет
7003,234,163,2025-07-02,3
7004,234,164,2026-01-16,4
7005,234,165,2026-05-04,3
7006,234,166,2025-12-12,Зачет
7007,234,167,2026-04-28,3
7008,234,168,2025-07-07,Зачет
7009,234,169,2025-09-07,Зачет
7010,234,170,2025-06-02,5
7011,234,171,2025-12-09,3
7012,234,172,2025-11-29,Зачет
7013,234,173,2026-02-10,5
7014,234,174,2025-06-21,Зачет
7015,234,175,2025-07-17,4
7016,234,176,2025-09-07,Незачет
7017,234,177,2026-03-29,Незачет
7018,234,178,2026-04-13,Незачет
7019,234,179,2025-07-02,Незачет
7020,234,180,2026-02-13,Зачет
7021,235,151,2025-05-18,Незачет
7022,235,152,2026-02-28,Зачет
7023,235,153,2025-09-07,Зачет
7024,235,154,2026-04-13,Зачет
7025,235,155,2025-10-14,2
7026,235,156,2025-10-13,Зачет
7027,235,157,2025-09-01,Зачет
7028,235,158,2025-10-26,Зачет
7029,235,159,2026-02-20,Незачет
7030,235,160,2026-05-04,Незачет
7031,235,161,2026-03-22,Незачет
7032,235,162,2026-04-19,Незачет
7033,235,163,2026-01-09,4
7034,235,164,2026-05-04,3
7035,235,165,2026-02-17,5
7036,235,166,2025-08-21,Зачет
7037,235,167,2025-07-05,4
7038,235,168,2026-03-05,Зачет
7039,235,169,2025-07-18,Незачет
7040,235,170,2025-06-17,3
7041,235,171,2025-06-27,3
7042,235,172,2025-07-17,Незачет
7043,235,173,2025-05-17,2
7044,235,174,2026-02-27,Зачет
7045,235,175,2025-12-30,5
7046,235,176,2026-01-01,Зачет
7047,235,177,2025-08-18,Зачет
7048,235,178,2025-12-28,Незачет
7049,235,179,2025-12-13,Незачет
7050,235,180,2025-12-30,Незачет
7051,236,151,2025-08-04,Незачет
7052,236,152,2025-12-24,Незачет
7053,236,153,2025-08-05,Зачет
7054,236,154,2025-08-04,Зачет
7055,236,155,2026-01-28,4
7056,236,156,2025-05-17,Незачет
7057,236,157,2025-09-23,Зачет
7058,236,158,2025-06-06,Незачет
7059,236,159,2026-01-29,Зачет
7060,236,160,2026-03-05,Зачет
7061,236,161,2025-11-08,Зачет
7062,236,162,2025-06-28,Незачет
7063,236,163,2025-11-18,4
7064,236,164,2026-03-31,2
7065,236,165,2025-12-27,3
7066,236,166,2025-11-05,Незачет
7067,236,167,2026-02-07,3
7068,236,168,2026-01-14,Зачет
7069,236,169,2025-09-29,Зачет
7070,236,170,2025-07-17,3
7071,236,171,2026-04-02,2
7072,236,172,2025-10-04,Незачет
7073,236,173,2025-11-13,3
7074,236,174,2025-11-07,Зачет
7075,236,175,2025-06-29,2
7076,236,176,2025-07-09,Зачет
7077,236,177,2025-07-21,Незачет
7078,236,178,2025-08-02,Зачет
7079,236,179,2025-05-19,Зачет
7080,236,180,2025-10-12,Незачет
7081,237,151,2026-02-27,Зачет
7082,237,152,2025-05-12,Зачет
7083,237,153,2026-05-01,Незачет
7084,237,154,2025-08-19,Зачет
7085,237,155,2025-10-14,4
7086,237,156,2025-08-01,Зачет
7087,237,157,2026-02-19,Незачет
7088,237,158,2026-01-22,Незачет
7089,237,159,2025-07-24,Незачет
7090,237,160,2026-02-25,Зачет
7091,237,161,2025-07-25,Незачет
7092,237,162,2025-06-01,Незачет
7093,237,163,2025-07-14,4
7094,237,164,2026-05-02,3
7095,237,165,2025-10-24,2
7096,237,166,2026-04-08,Незачет
7097,237,167,2026-01-01,5
7098,237,168,2025-11-13,Зачет
7099,237,169,2026-01-29,Зачет
7100,237,170,2025-09-10,2
7101,237,171,2026-04-08,5
7102,237,172,2025-10-31,Незачет
7103,237,173,2026-04-16,2
7104,237,174,2025-08-10,Незачет
7105,237,175,2025-10-20,3
7106,237,176,2025-10-11,Зачет
7107,237,177,2026-03-04,Незачет
7108,237,178,2025-05-23,Зачет
7109,237,179,2025-12-29,Зачет
7110,237,180,2026-02-16,Зачет
7111,238,151,2026-03-23,Зачет
7112,238,152,2025-10-01,Зачет
7113,238,153,2026-02-10,Зачет
7114,238,154,2025-09-05,Незачет
7115,238,155,2025-10-07,5
7116,238,156,2025-12-30,Зачет
7117,238,157,2026-05-06,Незачет
7118,238,158,2026-02-19,Незачет
7119,238,159,2025-12-15,Незачет
7120,238,160,2025-12-23,Незачет
7121,238,161,2025-12-01,Зачет
7122,238,162,2025-11-26,Незачет
7123,238,163,2026-01-11,3
7124,238,164,2026-04-12,3
7125,238,165,2026-02-04,2
7126,238,166,2026-03-08,Зачет
7127,238,167,2025-05-21,5
7128,238,168,2025-11-25,Зачет
7129,238,169,2025-06-18,Зачет
7130,238,170,2025-10-29,3
7131,238,171,2025-10-31,4
7132,238,172,2026-03-24,Зачет
7133,238,173,2026-04-12,5
7134,238,174,2025-05-23,Зачет
7135,238,175,2026-04-12,5
7136,238,176,2025-08-10,Незачет
7137,238,177,2025-11-24,Зачет
7138,238,178,2025-12-01,Незачет
7139,238,179,2025-10-07,Зачет
7140,238,180,2026-02-16,Зачет
7141,239,151,2025-05-22,Незачет
7142,239,152,2025-12-09,Незачет
7143,239,153,2025-10-04,Незачет
7144,239,154,2025-11-23,Зачет
7145,239,155,2026-02-28,2
7146,239,156,2026-01-06,Зачет
7147,239,157,2025-05-26,Незачет
7148,239,158,2025-07-19,Незачет
7149,239,159,2025-08-28,Незачет
7150,239,160,2025-10-24,Незачет
7151,239,161,2025-10-08,Незачет
7152,239,162,2026-04-15,Зачет
7153,239,163,2025-09-02,2
7154,239,164,2026-03-03,5
7155,239,165,2026-03-24,2
7156,239,166,2025-08-26,Незачет
7157,239,167,2025-11-02,4
7158,239,168,2025-07-10,Незачет
7159,239,169,2025-10-18,Незачет
7160,239,170,2025-08-29,3
7161,239,171,2025-12-31,5
7162,239,172,2026-04-28,Незачет
7163,239,173,2025-05-28,4
7164,239,174,2026-01-29,Незачет
7165,239,175,2025-11-23,2
7166,239,176,2026-04-22,Незачет
7167,239,177,2025-07-01,Незачет
7168,239,178,2025-11-03,Незачет
7169,239,179,2026-03-25,Зачет
7170,239,180,2026-01-12,Зачет
7171,240,151,2025-10-29,Зачет
7172,240,152,2025-06-11,Зачет
7173,240,153,2026-02-11,Зачет
7174,240,154,2025-11-17,Зачет
7175,240,155,2025-06-19,4
7176,240,156,2025-07-15,Незачет
7177,240,157,2026-03-05,Зачет
7178,240,158,2025-12-20,Незачет
7179,240,159,2026-05-06,Зачет
7180,240,160,2026-04-19,Зачет
7181,240,161,2026-02-01,Незачет
7182,240,162,2025-12-05,Незачет
7183,240,163,2025-06-28,2
7184,240,164,2025-10-06,4
7185,240,165,2025-10-14,5
7186,240,166,2025-09-09,Незачет
7187,240,167,2025-10-29,5
7188,240,168,2025-05-16,Зачет
7189,240,169,2025-07-15,Зачет
7190,240,170,2025-10-30,3
7191,240,171,2025-12-22,2
7192,240,172,2026-04-20,Незачет
7193,240,173,2026-02-07,5
7194,240,174,2026-04-19,Зачет
7195,240,175,2025-07-24,5
7196,240,176,2026-04-14,Незачет
7197,240,177,2025-10-30,Зачет
7198,240,178,2025-06-11,Незачет
7199,240,179,2025-08-12,Незачет
7200,240,180,2025-09-09,Незачет
7201,241,151,2026-01-30,Зачет
7202,241,152,2026-01-13,Незачет
7203,241,153,2026-04-24,Зачет
7204,241,154,2026-02-07,Незачет
7205,241,155,2026-03-12,5
7206,241,156,2025-07-09,Зачет
7207,241,157,2026-02-09,Зачет
7208,241,158,2026-02-15,Незачет
7209,241,159,2025-06-23,Зачет
7210,241,160,2025-06-11,Зачет
7211,241,161,2025-06-20,Незачет
7212,241,162,2026-02-05,Зачет
7213,241,163,2025-10-28,5
7214,241,164,2026-01-08,2
7215,241,165,2025-09-24,4
7216,241,166,2025-06-09,Незачет
7217,241,167,2025-11-26,5
7218,241,168,2026-02-05,Зачет
7219,241,169,2025-10-03,Зачет
7220,241,170,2026-02-13,3
7221,241,171,2026-03-10,2
7222,241,172,2025-11-21,Незачет
7223,241,173,2025-12-30,4
7224,241,174,2025-07-08,Незачет
7225,241,175,2025-10-01,3
7226,241,176,2025-12-06,Зачет
7227,241,177,2025-10-01,Зачет
7228,241,178,2025-05-24,Зачет
7229,241,179,2026-03-01,Незачет
7230,241,180,2025-07-12,Незачет
7231,242,151,2026-04-26,Зачет
7232,242,152,2025-09-14,Незачет
7233,242,153,2025-12-12,Незачет
7234,242,154,2026-04-10,Незачет
7235,242,155,2026-01-18,3
7236,242,156,2026-04-07,Незачет
7237,242,157,2025-07-04,Зачет
7238,242,158,2025-07-08,Зачет
7239,242,159,2026-04-09,Зачет
7240,242,160,2025-07-02,Незачет
7241,242,161,2025-07-15,Незачет
7242,242,162,2026-03-01,Незачет
7243,242,163,2026-02-07,3
7244,242,164,2025-05-26,3
7245,242,165,2025-10-16,4
7246,242,166,2025-09-03,Незачет
7247,242,167,2025-09-04,5
7248,242,168,2026-02-14,Незачет
7249,242,169,2026-03-01,Зачет
7250,242,170,2025-10-27,5
7251,242,171,2025-08-27,4
7252,242,172,2026-01-05,Незачет
7253,242,173,2025-07-16,2
7254,242,174,2025-06-21,Зачет
7255,242,175,2026-04-20,2
7256,242,176,2025-06-27,Зачет
7257,242,177,2025-07-24,Незачет
7258,242,178,2025-05-08,Незачет
7259,242,179,2026-01-03,Зачет
7260,242,180,2026-02-28,Зачет
7261,243,151,2025-08-13,Незачет
7262,243,152,2025-05-11,Зачет
7263,243,153,2025-11-01,Незачет
7264,243,154,2025-11-16,Незачет
7265,243,155,2026-04-04,2
7266,243,156,2025-11-16,Незачет
7267,243,157,2025-12-04,Незачет
7268,243,158,2026-03-16,Зачет
7269,243,159,2025-05-09,Незачет
7270,243,160,2025-12-29,Зачет
7271,243,161,2026-04-14,Незачет
7272,243,162,2025-11-14,Зачет
7273,243,163,2025-08-07,2
7274,243,164,2025-07-30,3
7275,243,165,2025-12-21,3
7276,243,166,2026-01-18,Незачет
7277,243,167,2025-11-07,3
7278,243,168,2025-10-30,Незачет
7279,243,169,2025-10-13,Зачет
7280,243,170,2025-10-25,4
7281,243,171,2025-06-06,3
7282,243,172,2025-12-26,Зачет
7283,243,173,2025-12-26,2
7284,243,174,2025-05-09,Незачет
7285,243,175,2025-08-10,4
7286,243,176,2026-04-14,Зачет
7287,243,177,2025-12-05,Незачет
7288,243,178,2025-08-23,Незачет
7289,243,179,2026-01-02,Зачет
7290,243,180,2026-01-06,Незачет
7291,244,151,2025-12-09,Незачет
7292,244,152,2026-03-21,Незачет
7293,244,153,2026-03-23,Незачет
7294,244,154,2025-07-26,Незачет
7295,244,155,2025-05-25,4
7296,244,156,2025-07-17,Незачет
7297,244,157,2025-07-03,Незачет
7298,244,158,2025-05-28,Зачет
7299,244,159,2026-01-15,Зачет
7300,244,160,2025-09-19,Незачет
7301,244,161,2025-05-21,Незачет
7302,244,162,2025-07-02,Незачет
7303,244,163,2026-04-03,3
7304,244,164,2025-05-19,3
7305,244,165,2026-01-21,5
7306,244,166,2025-12-17,Незачет
7307,244,167,2026-03-28,4
7308,244,168,2025-12-27,Незачет
7309,244,169,2025-08-30,Незачет
7310,244,170,2025-09-12,2
7311,244,171,2026-04-29,2
7312,244,172,2025-06-10,Зачет
7313,244,173,2025-05-26,2
7314,244,174,2025-06-18,Зачет
7315,244,175,2025-10-15,5
7316,244,176,2025-07-15,Зачет
7317,244,177,2025-07-08,Незачет
7318,244,178,2026-01-23,Зачет
7319,244,179,2025-08-25,Незачет
7320,244,180,2025-12-30,Зачет
7321,245,151,2026-01-18,Незачет
7322,245,152,2026-01-30,Незачет
7323,245,153,2026-02-02,Зачет
7324,245,154,2025-12-24,Зачет
7325,245,155,2025-12-15,5
7326,245,156,2026-03-08,Незачет
7327,245,157,2025-12-11,Зачет
7328,245,158,2025-07-14,Зачет
7329,245,159,2025-10-30,Незачет
7330,245,160,2026-02-22,Зачет
7331,245,161,2025-12-17,Незачет
7332,245,162,2025-09-23,Незачет
7333,245,163,2026-05-03,5
7334,245,164,2025-05-20,5
7335,245,165,2025-06-12,2
7336,245,166,2026-03-01,Незачет
7337,245,167,2025-08-31,3
7338,245,168,2025-09-09,Незачет
7339,245,169,2025-09-27,Незачет
7340,245,170,2026-04-20,4
7341,245,171,2025-10-01,4
7342,245,172,2026-03-21,Незачет
7343,245,173,2025-06-02,3
7344,245,174,2026-02-25,Зачет
7345,245,175,2025-10-19,5
7346,245,176,2026-03-30,Зачет
7347,245,177,2025-12-06,Зачет
7348,245,178,2025-06-01,Зачет
7349,245,179,2025-08-28,Зачет
7350,245,180,2025-11-05,Незачет
7351,246,151,2025-06-28,Незачет
7352,246,152,2025-06-23,Незачет
7353,246,153,2026-01-31,Зачет
7354,246,154,2026-04-05,Незачет
7355,246,155,2025-08-21,3
7356,246,156,2025-09-11,Незачет
7357,246,157,2025-11-27,Зачет
7358,246,158,2025-10-14,Незачет
7359,246,159,2025-11-26,Зачет
7360,246,160,2025-07-27,Незачет
7361,246,161,2026-02-01,Зачет
7362,246,162,2025-07-27,Незачет
7363,246,163,2025-12-30,3
7364,246,164,2025-05-29,5
7365,246,165,2025-06-18,4
7366,246,166,2025-12-14,Зачет
7367,246,167,2026-02-14,5
7368,246,168,2026-01-06,Зачет
7369,246,169,2025-11-28,Зачет
7370,246,170,2025-06-10,3
7371,246,171,2025-11-10,2
7372,246,172,2026-02-12,Незачет
7373,246,173,2026-01-29,4
7374,246,174,2025-12-27,Зачет
7375,246,175,2026-05-04,4
7376,246,176,2026-03-09,Зачет
7377,246,177,2026-02-05,Зачет
7378,246,178,2025-08-26,Зачет
7379,246,179,2025-10-19,Зачет
7380,246,180,2025-12-29,Незачет
7381,247,151,2026-04-01,Зачет
7382,247,152,2025-09-06,Зачет
7383,247,153,2025-08-15,Зачет
7384,247,154,2025-11-27,Зачет
7385,247,155,2025-12-16,5
7386,247,156,2026-01-04,Зачет
7387,247,157,2025-09-21,Зачет
7388,247,158,2026-05-02,Незачет
7389,247,159,2025-06-26,Незачет
7390,247,160,2025-12-31,Зачет
7391,247,161,2025-12-11,Зачет
7392,247,162,2025-11-15,Зачет
7393,247,163,2025-11-24,4
7394,247,164,2026-02-14,3
7395,247,165,2026-01-07,3
7396,247,166,2025-11-16,Незачет
7397,247,167,2025-11-14,4
7398,247,168,2026-03-16,Зачет
7399,247,169,2025-07-15,Незачет
7400,247,170,2026-04-15,2
7401,247,171,2025-12-29,3
7402,247,172,2025-08-05,Зачет
7403,247,173,2026-02-06,2
7404,247,174,2025-08-27,Зачет
7405,247,175,2025-07-21,5
7406,247,176,2025-05-07,Зачет
7407,247,177,2025-06-21,Зачет
7408,247,178,2025-05-16,Зачет
7409,247,179,2025-11-03,Незачет
7410,247,180,2026-01-04,Незачет
7411,248,151,2026-03-12,Зачет
7412,248,152,2025-06-21,Зачет
7413,248,153,2026-02-17,Зачет
7414,248,154,2026-04-01,Незачет
7415,248,155,2025-07-26,4
7416,248,156,2026-03-13,Зачет
7417,248,157,2025-12-31,Незачет
7418,248,158,2025-10-15,Зачет
7419,248,159,2025-10-14,Незачет
7420,248,160,2025-05-24,Зачет
7421,248,161,2025-09-13,Незачет
7422,248,162,2025-09-19,Зачет
7423,248,163,2025-12-10,5
7424,248,164,2026-03-16,2
7425,248,165,2026-01-09,3
7426,248,166,2025-07-28,Незачет
7427,248,167,2025-05-11,5
7428,248,168,2026-01-10,Незачет
7429,248,169,2025-07-24,Незачет
7430,248,170,2026-01-29,3
7431,248,171,2025-08-24,3
7432,248,172,2025-08-13,Незачет
7433,248,173,2026-03-09,2
7434,248,174,2025-06-02,Зачет
7435,248,175,2025-09-03,2
7436,248,176,2025-08-31,Зачет
7437,248,177,2025-11-19,Незачет
7438,248,178,2025-12-06,Незачет
7439,248,179,2025-09-09,Незачет
7440,248,180,2026-02-28,Зачет
7441,249,151,2025-05-09,Зачет
7442,249,152,2025-06-20,Незачет
7443,249,153,2026-01-28,Зачет
7444,249,154,2025-09-13,Зачет
7445,249,155,2025-09-16,2
7446,249,156,2025-10-07,Зачет
7447,249,157,2026-02-12,Зачет
7448,249,158,2025-12-13,Зачет
7449,249,159,2026-01-01,Незачет
7450,249,160,2025-05-18,Зачет
7451,249,161,2026-03-26,Зачет
7452,249,162,2025-07-14,Зачет
7453,249,163,2025-07-21,4
7454,249,164,2025-09-12,3
7455,249,165,2026-03-26,3
7456,249,166,2025-09-15,Зачет
7457,249,167,2026-04-30,3
7458,249,168,2026-01-23,Незачет
7459,249,169,2025-11-09,Незачет
7460,249,170,2026-04-27,5
7461,249,171,2025-11-07,3
7462,249,172,2026-03-12,Зачет
7463,249,173,2025-05-20,4
7464,249,174,2026-01-12,Незачет
7465,249,175,2025-06-28,5
7466,249,176,2025-11-09,Незачет
7467,249,177,2025-07-06,Незачет
7468,249,178,2026-01-05,Незачет
7469,249,179,2025-11-01,Зачет
7470,249,180,2026-04-18,Незачет
7471,250,151,2026-04-08,Зачет
7472,250,152,2025-12-01,Зачет
7473,250,153,2026-04-19,Незачет
7474,250,154,2025-09-14,Незачет
7475,250,155,2025-11-02,2
7476,250,156,2026-03-07,Незачет
7477,250,157,2026-03-19,Зачет
7478,250,158,2025-10-14,Зачет
7479,250,159,2026-05-02,Незачет
7480,250,160,2026-02-19,Незачет
7481,250,161,2025-05-28,Незачет
7482,250,162,2026-03-27,Незачет
7483,250,163,2025-11-25,4
7484,250,164,2025-08-31,4
7485,250,165,2025-12-12,2
7486,250,166,2026-02-12,Незачет
7487,250,167,2026-01-25,5
7488,250,168,2025-09-06,Зачет
7489,250,169,2025-12-08,Незачет
7490,250,170,2025-12-01,4
7491,250,171,2025-05-14,2
7492,250,172,2025-07-26,Незачет
7493,250,173,2025-12-17,3
7494,250,174,2026-01-28,Зачет
7495,250,175,2025-09-12,4
7496,250,176,2026-03-13,Незачет
7497,250,177,2026-04-27,Незачет
7498,250,178,2026-04-16,Незачет
7499,250,179,2026-03-12,Незачет
7500,250,180,2025-09-21,Зачет
